dbo;GA_OFI_AGE_CAUSADOR;COD_AGENTE;numeric;NULL;NO;NULL
dbo;GA_OFI_AGE_CAUSADOR;DSC_AGENTE;varchar;40;NO;NULL
dbo;GA_OFI_AGE_CAUSADOR;ABV_AGENTE;varchar;15;NO;NULL
dbo;GA_OFI_AGE_CAUSADOR;ROWID;uniqueidentifier;NULL;YES;(newid())
dbo;GA_OFI_AGE_CAUSADOR;AGE_ATIVO;numeric;NULL;YES;NULL
dbo;GA_OFI_AGE_CAUSADOR;AGE_DESCONSID_FALHA;numeric;NULL;YES;NULL
dbo;GA_OFI_AGREGADO;COD_AGREG;varchar;15;NO;NULL
dbo;GA_OFI_AGREGADO;COD_TIPO_AGREG;numeric;NULL;NO;NULL
dbo;GA_OFI_AGREGADO;COD_MOD_AGREG;numeric;NULL;NO;NULL
dbo;GA_OFI_AGREGADO;COD_EQUIPAMENTO;varchar;15;YES;NULL
dbo;GA_OFI_AGREGADO;DSC_AGREG;varchar;40;NO;NULL
dbo;GA_OFI_AGREGADO;ABV_AGREG;varchar;15;NO;NULL
dbo;GA_OFI_AGREGADO;ROWID;uniqueidentifier;NULL;YES;(newid())
dbo;GA_OFI_AGRUP_CLASS;ID_AGRUP;numeric;NULL;NO;NULL
dbo;GA_OFI_AGRUP_CLASS;DSC_AGRUP;varchar;40;NO;NULL
dbo;GA_OFI_AGRUP_CLASS;ROWID;uniqueidentifier;NULL;YES;(newid())
dbo;GA_OFI_APROVADOR_SECAO;ID;numeric;NULL;NO;NULL
dbo;GA_OFI_APROVADOR_SECAO;ID_SECAO;numeric;NULL;YES;NULL
dbo;GA_OFI_APROVADOR_SECAO;COD_FUNC;numeric;NULL;YES;NULL
dbo;GA_OFI_APROVADOR_SECAO;COD_EMPR;numeric;NULL;YES;NULL
dbo;GA_OFI_APROVADOR_SECAO;COD_OFICINA;numeric;NULL;YES;NULL
dbo;GA_OFI_APROVADOR_SECAO;CHK_APROV_PLAN;numeric;NULL;YES;NULL
dbo;GA_OFI_APROVADOR_SECAO;CHK_APROV_COMUNIC;numeric;NULL;YES;NULL
dbo;GA_OFI_APROVADOR_SECAO;CHK_APROV_ESTOQUE;numeric;NULL;YES;NULL
dbo;GA_OFI_APROVADOR_SECAO;ROWID;uniqueidentifier;NULL;YES;(newid())
dbo;GA_OFI_APROVADOR_SECAO;CHK_APROV_SS;numeric;NULL;YES;NULL
dbo;GA_OFI_BOX;ID_BOX;numeric;NULL;NO;NULL
dbo;GA_OFI_BOX;DSC_BOX;varchar;50;YES;NULL
dbo;GA_OFI_BOX;ID_SECAO;numeric;NULL;NO;NULL
dbo;GA_OFI_BOX;COD_OFICINA;numeric;NULL;NO;NULL
dbo;GA_OFI_BOX;ROWID;uniqueidentifier;NULL;YES;(newid())
dbo;GA_OFI_CCUST_MANUT;COD_CENTR_CUSTO;char;15;NO;NULL
dbo;GA_OFI_CCUST_PROD_X_MANUT;COD_CENTR_CUSTO_PROD;char;15;NO;NULL
dbo;GA_OFI_CCUST_PROD_X_MANUT;COD_CENTR_CUSTO_MANUT;char;15;NO;NULL
dbo;GA_OFI_CHECK_LIST;ID_CHECK_LIST;numeric;NULL;NO;NULL
dbo;GA_OFI_CHECK_LIST;DSC_CHECK_LIST;varchar;40;NO;NULL
dbo;GA_OFI_CHECK_LIST;ROWID;uniqueidentifier;NULL;YES;(newid())
dbo;GA_OFI_CLAS_MOT_PAR;COD_CLASSIFICACAO;numeric;NULL;NO;NULL
dbo;GA_OFI_CLAS_MOT_PAR;DSC_CLASSIFICACAO;varchar;50;YES;NULL
dbo;GA_OFI_CLAS_MOT_PAR;STATUS;numeric;NULL;YES;((1))
dbo;GA_OFI_CLAS_MOT_PAR;ROWID;uniqueidentifier;NULL;YES;(newid())
dbo;GA_OFI_CLASSIFICACAO_FEED;CODIGO;numeric;NULL;NO;NULL
dbo;GA_OFI_CLASSIFICACAO_FEED;DESCRICAO;varchar;50;YES;NULL
dbo;GA_OFI_CLASSIFICACAO_FEED;ABREVIACAO;varchar;20;YES;NULL
dbo;GA_OFI_CLASSIFICACAO_FEED;STATUS;numeric;NULL;NO;NULL
dbo;GA_OFI_COMPOSICAO;ID_AGRUP;numeric;NULL;NO;NULL
dbo;GA_OFI_COMPOSICAO;ID_SISTEMA;numeric;NULL;NO;NULL
dbo;GA_OFI_COMPOSICAO;ID_COMPONENTE;numeric;NULL;NO;NULL
dbo;GA_OFI_COMPOSICAO;ROWID;uniqueidentifier;NULL;YES;(newid())
dbo;GA_OFI_CONFIG_EMPR;COD_EMPR;numeric;NULL;NO;NULL
dbo;GA_OFI_CONFIG_EMPR;CON_PROJ;varchar;1;YES;NULL
dbo;GA_OFI_CONFIG_EMPR;CON_CONS_PROJ_OBRIG;varchar;1;YES;NULL
dbo;GA_OFI_CONFIG_EMPR;CON_FUNC_ABRE_ENCERRA_OS;varchar;1;YES;NULL
dbo;GA_OFI_CONFIG_EMPR;CON_DSC_USUARIO_INT;varchar;100;YES;NULL
dbo;GA_OFI_CONFIG_EMPR;CON_USA_MEDIDOR;numeric;NULL;YES;NULL
dbo;GA_OFI_CONFIG_EMPR;CON_USA_PATIO;varchar;1;YES;NULL
dbo;GA_OFI_CONFIG_EMPR;CON_PERMITE_REP_PECA;varchar;1;YES;NULL
dbo;GA_OFI_CONFIG_EMPR;CON_PECA_NAO_ATEND;numeric;NULL;YES;NULL
dbo;GA_OFI_CONFIG_EMPR;CON_COMPRA_NAO_ATEND;numeric;NULL;YES;NULL
dbo;GA_OFI_CONFIG_EMPR;CON_MOT_PREVENTIVA;numeric;NULL;YES;NULL
dbo;GA_OFI_CONFIG_EMPR;CON_ITENS_PREV_OBRIGATORIO;numeric;NULL;YES;NULL
dbo;GA_OFI_CONFIG_EMPR;CON_FILTRO_EMPR;varchar;100;YES;NULL
dbo;GA_OFI_CONFIG_EMPR;CON_COMPRAS_AVISO;numeric;NULL;YES;NULL
dbo;GA_OFI_CONFIG_EMPR;CON_PERMITE_OS_OPORTUNIDADE;numeric;NULL;YES;NULL
dbo;GA_OFI_CONFIG_EMPR;CON_PERMITE_OS_REPARO_PECAS;numeric;NULL;YES;NULL
dbo;GA_OFI_CONFIG_EMPR;CON_PERMITE_OS_NORMAL_OPORTU;numeric;NULL;YES;NULL
dbo;GA_OFI_CONFIG_EMPR;CON_OS_GERA_ENVIO_AGD;numeric;NULL;YES;NULL
dbo;GA_OFI_CONFIG_EMPR;CON_DIG_APL_DIR_COM_REQ;varchar;1;YES;NULL
dbo;GA_OFI_CONFIG_EMPR;CON_VALOR_MINIMO_APROVACAO;numeric;NULL;YES;NULL
dbo;GA_OFI_CONFIG_EMPR;CON_PERMITE_ENCER_OS_CAMPO;numeric;NULL;YES;NULL
dbo;GA_OFI_CONFIG_EMPR;REQ_PECA_OS_CCUSTO;numeric;NULL;YES;NULL
dbo;GA_OFI_CONFIG_EMPR;CON_USA_SECAO_SEP;numeric;NULL;YES;NULL
dbo;GA_OFI_CONFIG_EMPR;CON_IMPRIME_OS_COMUNIC;numeric;NULL;YES;NULL
dbo;GA_OFI_CONFIG_EMPR;CON_USA_PREV_DT_COM;numeric;NULL;YES;NULL
dbo;GA_OFI_CONFIG_EMPR;CON_PERMITE_OS_NORMAL_SOBR;numeric;NULL;YES;NULL
dbo;GA_OFI_CONFIG_EMPR;CON_USA_PROJETO_FASE;numeric;NULL;YES;NULL
dbo;GA_OFI_CONFIG_EMPR;CON_USA_JUSTIF_REABERT_OS;varchar;1;YES;NULL
dbo;GA_OFI_CONFIG_EMPR;REQ_APROV_OS_CCUSTO_AGREGADO;numeric;NULL;YES;NULL
dbo;GA_OFI_CONFIG_EMPR;CON_PERMITE_OS_ENTRESAFRA;numeric;NULL;YES;NULL
dbo;GA_OFI_CONFIG_EMPR;COD_MOTIVO_FILT;numeric;NULL;YES;NULL
dbo;GA_OFI_CONFIG_EMPR;COD_AGENTE_FILT;numeric;NULL;YES;NULL
dbo;GA_OFI_CONFIG_EMPR;COD_OFICINA_FILT;numeric;NULL;YES;NULL
dbo;GA_OFI_CONFIG_EMPR;ID_SECAO_FILT;numeric;NULL;YES;NULL
dbo;GA_OFI_CONFIG_EMPR;OS_OBSERVACAO_FILT;varchar;4000;YES;NULL
dbo;GA_OFI_CONFIG_EMPR;CON_USA_PROJ_EMPR_OFI;varchar;1;YES;NULL
dbo;GA_OFI_CONFIG_EMPR;CON_CONSISTE_PROJETO_SAFRA;varchar;1;YES;NULL
dbo;GA_OFI_CONFIGURACAO;ID_CONF;numeric;NULL;NO;NULL
dbo;GA_OFI_CONFIGURACAO;CON_TIPO_OS;varchar;1;YES;NULL
dbo;GA_OFI_CONFIGURACAO;CON_ABRE_OS_ENCER;varchar;1;YES;NULL
dbo;GA_OFI_CONFIGURACAO;CON_ABRE_SERV_ENCER;varchar;1;YES;NULL
dbo;GA_OFI_CONFIGURACAO;ID_MOEDA;numeric;NULL;YES;NULL
dbo;GA_OFI_CONFIGURACAO;CON_ULT_DT_LOGIX;datetime;NULL;YES;NULL
dbo;GA_OFI_CONFIGURACAO;CON_OS_SEQ;varchar;1;YES;NULL
dbo;GA_OFI_CONFIGURACAO;CON_IMP_CPL_ATV;varchar;1;YES;NULL
dbo;GA_OFI_CONFIGURACAO;CON_IMP_CPL_CMP;varchar;1;YES;NULL
dbo;GA_OFI_CONFIGURACAO;CON_IMP_AGREG;varchar;1;YES;NULL
dbo;GA_OFI_CONFIGURACAO;CON_AGRUP_CLASSE;varchar;1;YES;NULL
dbo;GA_OFI_CONFIGURACAO;CON_PATH_PECAS;varchar;100;YES;NULL
dbo;GA_OFI_CONFIGURACAO;CON_NUMERO_RECOMENDACAO;numeric;NULL;YES;NULL
dbo;GA_OFI_CONFIGURACAO;CON_ABRE_OS_EQP;varchar;1;YES;NULL
dbo;GA_OFI_CONFIGURACAO;COD_OS_SEQUENCIAL;numeric;NULL;YES;NULL
dbo;GA_OFI_CONFIGURACAO;CON_CARGOS_FPGTO;varchar;1;YES;NULL
dbo;GA_OFI_CONFIGURACAO;CON_DEMO_OS_RETRATO;varchar;1;YES;NULL
dbo;GA_OFI_CONFIGURACAO;CON_TEMPO_PAINEL;numeric;NULL;YES;NULL
dbo;GA_OFI_CONFIGURACAO;ROWID;uniqueidentifier;NULL;YES;(newid())
dbo;GA_OFI_CONFIGURACAO;CON_ENCERRAR_ITEM;varchar;1;YES;NULL
dbo;GA_OFI_CONFIGURACAO;CON_PATH_LAUDO;varchar;255;YES;NULL
dbo;GA_OFI_CONFIGURACAO;ID_SECAO;numeric;NULL;YES;NULL
dbo;GA_OFI_CONFIGURACAO;CON_FUNC_ABRE_FECH_OS;varchar;1;YES;NULL
dbo;GA_OFI_CONFIGURACAO;CON_IMP_PROGRAMACAO_OS;varchar;1;YES;NULL
dbo;GA_OFI_CONFIGURACAO;CON_USA_FUNC_MULTI_EMPR;varchar;1;YES;NULL
dbo;GA_OFI_CONFIGURACAO;CON_EXIBE_DATAATUAL_FICHA;varchar;1;YES;NULL
dbo;GA_OFI_CONFIGURACAO;CON_USA_CHECKLIST_OS;varchar;1;YES;NULL
dbo;GA_OFI_CONFIGURACAO;CON_IMP_INTERV;varchar;1;YES;NULL
dbo;GA_OFI_CONFIGURACAO;COD_MOTIVO_CONCLUIDO;numeric;NULL;YES;NULL
dbo;GA_OFI_CONFIGURACAO;CON_GERA_PREV_OS;varchar;1;YES;NULL
dbo;GA_OFI_CONFIGURACAO;CON_GERA_FALHA_OPMA_OS;varchar;1;YES;NULL
dbo;GA_OFI_CONFIGURACAO;CON_IMP_PLANO_PREV_OS;varchar;1;YES;NULL
dbo;GA_OFI_CONFIGURACAO;CON_CC_OS_AGREGADO;varchar;15;YES;NULL
dbo;GA_OFI_CONFIGURACAO;CON_PAINEL_OS;varchar;1;YES;NULL
dbo;GA_OFI_CONFIGURACAO;CON_USA_BOX_OS;varchar;1;YES;NULL
dbo;GA_OFI_CONFIGURACAO;CON_POR_DENTRO;numeric;NULL;YES;NULL
dbo;GA_OFI_CONFIGURACAO;CON_BAN_MOT_PADRAO;numeric;NULL;YES;NULL
dbo;GA_OFI_CONFIGURACAO;CON_BAN_ADIAN_TURNO_INI;numeric;NULL;YES;NULL
dbo;GA_OFI_CONFIGURACAO;CON_BAN_ADIAN_TURNO_FIM;numeric;NULL;YES;NULL
dbo;GA_OFI_CONFIGURACAO;CON_BAN_TOLE_MOTIVO;numeric;NULL;YES;NULL
dbo;GA_OFI_CONFIGURACAO;CON_D1D2;varchar;1;YES;NULL
dbo;GA_OFI_CONFIGURACAO;CON_IMP_AMOSTRAGEM;varchar;1;YES;NULL
dbo;GA_OFI_CONFIGURACAO;CON_BAN_MOT_PADRAO_TROCA;numeric;NULL;YES;NULL
dbo;GA_OFI_CONFIGURACAO;CON_IMP_DATAREQ_SOLIC;varchar;1;YES;NULL
dbo;GA_OFI_CONFIGURACAO;CON_IMP_NOVO_REL;varchar;1;YES;('N')
dbo;GA_OFI_CONFIGURACAO;CON_QTD_ITENS_BRANCO_OS;numeric;NULL;YES;((5))
dbo;GA_OFI_CONFIGURACAO;CON_IMP_MOT_PARADA_OS;varchar;1;YES;('N')
dbo;GA_OFI_CONFIGURACAO;CON_TRAVA_DT_COMUNIC_OS;varchar;1;YES;NULL
dbo;GA_OFI_CONFIGURACAO;CON_MOTORISTA;varchar;1;YES;NULL
dbo;GA_OFI_CONFIGURACAO;CON_AGENTE_ENTRADA;varchar;1;YES;NULL
dbo;GA_OFI_CONFIGURACAO;CON_INT;varchar;1;YES;NULL
dbo;GA_OFI_CONFIGURACAO;CON_PROJ;varchar;1;YES;NULL
dbo;GA_OFI_CONFIGURACAO;CON_UTILIZA_COMUNICACAO;varchar;1;YES;('N')
dbo;GA_OFI_CONFIGURACAO;CON_DIAS_ITENS_OS_ENC;numeric;NULL;YES;NULL
dbo;GA_OFI_CONFIGURACAO;CON_USA_MATER_MO;varchar;1;YES;NULL
dbo;GA_OFI_CONFIGURACAO;CON_EQP_EMPR_LOG;varchar;1;YES;NULL
dbo;GA_OFI_CONFIGURACAO;CON_GERA_NUM_OS_EMPR;varchar;1;YES;NULL
dbo;GA_OFI_CONFIGURACAO;CFG_PATH_ANEXOS;varchar;1000;YES;NULL
dbo;GA_OFI_CONFIGURACAO;CON_IMP_ABV_COMP_ATIV;varchar;1;YES;NULL
dbo;GA_OFI_CONFIGURACAO;CON_MOST_ABA_OFI;varchar;1;YES;NULL
dbo;GA_OFI_CONFIGURACAO;CON_MOST_ABA_HIST;varchar;1;YES;NULL
dbo;GA_OFI_CONFIGURACAO;CON_MOST_ABA_GERAL;varchar;1;YES;NULL
dbo;GA_OFI_CONFIGURACAO;CON_MOST_ABA_LAYOFI;varchar;1;YES;NULL
dbo;GA_OFI_CONFIGURACAO;CON_MOST_ABA_MEC;varchar;1;YES;NULL
dbo;GA_OFI_CONFIGURACAO;CON_MOST_ABA_COMU;varchar;1;YES;NULL
dbo;GA_OFI_CONFIGURACAO;CON_FUNC_UNICO;varchar;1;YES;NULL
dbo;GA_OFI_CONFIGURACAO;CON_USA_TPR;varchar;1;YES;NULL
dbo;GA_OFI_CONFIGURACAO;CON_ORDEM_ITENS_OS;numeric;NULL;YES;NULL
dbo;GA_OFI_CONFIGURACAO;CON_OBS_ITEM;varchar;1;YES;NULL
dbo;GA_OFI_CONFIGURACAO;CON_NOVA_TELA_OS;varchar;1;YES;NULL
dbo;GA_OFI_CONFIGURACAO;CON_INFORME_OPE;varchar;1;YES;NULL
dbo;GA_OFI_CONFIGURACAO;CON_DESC_ATIV_TPR;varchar;1;YES;NULL
dbo;GA_OFI_CONFIGURACAO;CON_VAL_COMUNICA_MOT_ENTRADA;varchar;1;YES;NULL
dbo;GA_OFI_CONFIGURACAO;CON_COMUNICA_BLOQ_ITENS;varchar;1;YES;NULL
dbo;GA_OFI_CONFIGURACAO;CON_N_AJUSTA_HORA_MEC;varchar;1;YES;NULL
dbo;GA_OFI_CONFIGURACAO;CON_MOT_DESCONSIDERADO;numeric;NULL;YES;NULL
dbo;GA_OFI_CONFIGURACAO;CON_LIMITE_FICHA_BAN;numeric;NULL;YES;NULL
dbo;GA_OFI_CONFIGURACAO;CON_FILTRO_EQP;varchar;1;YES;NULL
dbo;GA_OFI_CONFIGURACAO;CON_FILTRO_AGR;varchar;1;YES;NULL
dbo;GA_OFI_CONFIGURACAO;CON_FILTRO_CC;varchar;1;YES;NULL
dbo;GA_OFI_CONFIGURACAO;CON_FILTRO_REP;varchar;1;YES;NULL
dbo;GA_OFI_CONFIGURACAO;CON_RESUMO_PAINEL;numeric;NULL;YES;((0))
dbo;GA_OFI_CONFIGURACAO;CON_BLOQUEIA_DT_ENT_COLETOR;varchar;1;YES;NULL
dbo;GA_OFI_CONFIGURACAO;CON_EXIBE_MSG_EQP_OUTRA_EMPR;numeric;NULL;YES;NULL
dbo;GA_OFI_CONFIGURACAO;CON_CONS_PROJ_OBRIG;varchar;1;YES;NULL
dbo;GA_OFI_CONFIGURACAO;CON_REABRE_OS;varchar;1;YES;NULL
dbo;GA_OFI_CONFIGURACAO;CON_BAN_APT_RETRO;varchar;1;YES;NULL
dbo;GA_OFI_CONFIGURACAO;CON_BAN_MOT_SOLIC;numeric;NULL;YES;NULL
dbo;GA_OFI_CONFIGURACAO;CON_BAN_REQ_MOT_PARADA;varchar;1;YES;NULL
dbo;GA_OFI_CONFIGURACAO;CON_AGD_GARANTIA;varchar;1;YES;NULL
dbo;GA_OFI_CONFIGURACAO;CON_OS_OPORTUNIDADE;varchar;1;YES;NULL
dbo;GA_OFI_CONFIGURACAO;CON_DSC_USUARIO_INT;varchar;100;YES;NULL
dbo;GA_OFI_CONFIGURACAO;CON_CONSISTE_AGD;varchar;1;YES;NULL
dbo;GA_OFI_CONFIGURACAO;CON_ABRE_ENCERRA_ITEM;varchar;1;YES;NULL
dbo;GA_OFI_CONFIGURACAO;CON_SEC_MECANICA;varchar;1;YES;NULL
dbo;GA_OFI_CONFIGURACAO;CON_DESC_EMPR_EMPREL;numeric;NULL;YES;NULL
dbo;GA_OFI_CONFIGURACAO;CON_BAN_APT_OS_CAMPO;varchar;1;YES;NULL
dbo;GA_OFI_CONFIGURACAO;CON_BAN_MOT_PADRAO_OS_CAMPO;numeric;NULL;YES;NULL
dbo;GA_OFI_CONFIGURACAO;CON_BAN_DES_STA_ITEM;varchar;1;YES;NULL
dbo;GA_OFI_CONFIGURACAO;ID_ATIVIDADE_LAV;numeric;NULL;YES;NULL
dbo;GA_OFI_CONFIGURACAO;ID_COMPONENTE_LAV;numeric;NULL;YES;NULL
dbo;GA_OFI_CONFIGURACAO;ID_SISTEMA_LAV;numeric;NULL;YES;NULL
dbo;GA_OFI_CONFIGURACAO;ID_COMPL_ATIV_LAV;numeric;NULL;YES;NULL
dbo;GA_OFI_CONFIGURACAO;ID_COMPL_COMPO_LAV;numeric;NULL;YES;NULL
dbo;GA_OFI_CONFIGURACAO;CON_DIG_APL_DIR_COM_REQ;varchar;1;YES;NULL
dbo;GA_OFI_CONFIGURACAO;CON_DIG_DIR_EST_COM_REQ;varchar;1;YES;NULL
dbo;GA_OFI_CONFIGURACAO;CON_OS_INI;numeric;NULL;YES;NULL
dbo;GA_OFI_CONFIGURACAO;CON_OS_FIM;numeric;NULL;YES;NULL
dbo;GA_OFI_CONFIGURACAO;CON_BLOQUEIA_HR_ENT_COLETOR;varchar;1;YES;NULL
dbo;GA_OFI_CONFIGURACAO;CON_PERMITE_OS_ACIMA_SEQ;varchar;1;YES;NULL
dbo;GA_OFI_CONFIGURACAO;TEMPO_OS_SEM_MEC;numeric;NULL;YES;NULL
dbo;GA_OFI_CONFIGURACAO;CON_OS_PLANEJADA;numeric;NULL;YES;NULL
dbo;GA_OFI_CONFIGURACAO;COD_MOTIVO_PADRAO;numeric;NULL;YES;NULL
dbo;GA_OFI_CONFIGURACAO;COD_AGENTE_PADRAO;numeric;NULL;YES;NULL
dbo;GA_OFI_CONFIGURACAO;COD_OFICINA_PADRAO;numeric;NULL;YES;NULL
dbo;GA_OFI_CONFIGURACAO;CON_NAO_GRAV_DT_SAIDA_INT_POV;numeric;NULL;YES;NULL
dbo;GA_OFI_CONFIGURACAO;CON_DIAS_BLOQ_DESF_INT_POV;numeric;NULL;YES;NULL
dbo;GA_OFI_CONFIGURACAO;CON_USA_UNIFICACAO_OS;numeric;NULL;YES;NULL
dbo;GA_OFI_CONFIGURACAO;CON_LIMITE_HORAS_OS;numeric;NULL;YES;NULL
dbo;GA_OFI_CONFIGURACAO;CON_USA_UNIFIC_OS_COMUNIC;numeric;NULL;YES;NULL
dbo;GA_OFI_CONFIGURACAO;CON_IMP_ASSINATURA;numeric;NULL;YES;NULL
dbo;GA_OFI_CONFIGURACAO;CON_IMP_ASSINATURA_1;varchar;40;YES;NULL
dbo;GA_OFI_CONFIGURACAO;CON_IMP_ASSINATURA_2;varchar;40;YES;NULL
dbo;GA_OFI_CONFIGURACAO;CON_BAN_BLOQ_ITE_PEC;varchar;1;YES;NULL
dbo;GA_OFI_CONFIGURACAO;ID_SECAO_LAV;numeric;NULL;YES;NULL
dbo;GA_OFI_CONFIGURACAO;TPR_HORA_LAV;numeric;NULL;YES;NULL
dbo;GA_OFI_CONFIGURACAO;COD_MOTIVO_LAV;numeric;NULL;YES;NULL
dbo;GA_OFI_CONFIGURACAO;COD_AGENTE_LAV;numeric;NULL;YES;NULL
dbo;GA_OFI_CONFIGURACAO;COD_OFICINA_LAV;numeric;NULL;YES;NULL
dbo;GA_OFI_CONFIGURACAO;CON_GERA_ITEM_CALIBRAGEM;numeric;NULL;YES;NULL
dbo;GA_OFI_CONFIGURACAO;OS_OBSERVACAO_LAV;varchar;4000;YES;NULL
dbo;GA_OFI_CONFIGURACAO;CON_SOMENTE_CANCEL_ITE;numeric;NULL;YES;NULL
dbo;GA_OFI_CONFIGURACAO;CON_USA_CTRL_CC_MANUT;numeric;NULL;YES;NULL
dbo;GA_OFI_CONFIGURACAO;CON_BAIXA_PREV_CALIBRAGEM;numeric;NULL;YES;NULL
dbo;GA_OFI_CONFIGURACAO;CON_OS_COMUNIC_SEPARADA;numeric;NULL;YES;NULL
dbo;GA_OFI_CONFIGURACAO;CON_USA_MANTENEDOR_ITEM;numeric;NULL;YES;NULL
dbo;GA_OFI_CONFIGURACAO;CON_INICIA_VALORES;numeric;NULL;YES;NULL
dbo;GA_OFI_CONFIGURACAO;CON_GERA_PLANEJADA_SS;numeric;NULL;YES;NULL
dbo;GA_OFI_CONFIGURACAO;CON_USA_CONTROLE_SITUACAO;numeric;NULL;YES;NULL
dbo;GA_OFI_CONFIGURACAO;CON_USA_SOLIC_SERV;numeric;NULL;YES;NULL
dbo;GA_OFI_CONFIGURACAO;CON_USA_VALIDA_APONTAMENTO;numeric;NULL;YES;NULL
dbo;GA_OFI_CONFIGURACAO;CON_DIAS_CRIT;numeric;NULL;YES;NULL
dbo;GA_OFI_CONFIGURACAO;CON_USA_FEEDBACK;numeric;NULL;YES;NULL
dbo;GA_OFI_CONFIGURACAO;CON_BAN_DESATIVA_SUGESTAO_OS;numeric;NULL;YES;NULL
dbo;GA_OFI_CONFIGURACAO;CON_USA_BACKLOG_VB;numeric;NULL;YES;NULL
dbo;GA_OFI_CONFIGURACAO;CON_IMPORTA_PECAS;numeric;NULL;YES;NULL
dbo;GA_OFI_CONFIGURACAO;OS_SITUACAO_INI;varchar;4;YES;NULL
dbo;GA_OFI_CONFIGURACAO;CON_TOLERANCIA_MEC_X_OS_POV;numeric;NULL;YES;NULL
dbo;GA_OFI_CONFIGURACAO;CON_FALHA_ITEM_OBRIGATORIO;numeric;NULL;YES;NULL
dbo;GA_OFI_CONFIGURACAO;CON_BAN_TRAVA_PESQ_OS_EQP;varchar;1;YES;NULL
dbo;GA_OFI_CONFIGURACAO;OS_COMUNIC_SITUACAO_INI;varchar;4;YES;NULL
dbo;GA_OFI_CONFIGURACAO;CON_OBG_DATA_PREVISAO;varchar;1;YES;NULL
dbo;GA_OFI_CONFIGURACAO;CON_PAINEL_EQP;varchar;1;YES;NULL
dbo;GA_OFI_CONFIGURACAO;CON_ALTERA_FICHA_MEC_INTEG;varchar;1;YES;NULL
dbo;GA_OFI_CONFIGURACAO;CON_ENCERRA_OS_SEM_APO_POV;numeric;NULL;YES;NULL
dbo;GA_OFI_CONFIGURACAO;CON_USA_REGRA_ANTIGA_HORAS;numeric;NULL;YES;NULL
dbo;GA_OFI_CONFIGURACAO;CON_FICHA_MEC_OS_SEM_EMPRESA;varchar;1;YES;NULL
dbo;GA_OFI_CONFIGURACAO;CON_USA_POV_SECAO_OBRIG;numeric;NULL;YES;NULL
dbo;GA_OFI_CONFIGURACAO;CON_USA_TELA_CHEIA_IMPORTACAO;numeric;NULL;YES;NULL
dbo;GA_OFI_CONTAS;COD_CONTA;varchar;8;NO;NULL
dbo;GA_OFI_CONTAS;DSC_CONTA;varchar;40;NO;NULL
dbo;GA_OFI_CONTAS;ABV_CONTA;varchar;15;NO;NULL
dbo;GA_OFI_CONTAS;ROWID;uniqueidentifier;NULL;YES;(newid())
dbo;GA_OFI_DOCUM_EQP;COD_EQUIPAMENTO;varchar;15;NO;NULL
dbo;GA_OFI_DOCUM_EQP;ID_DOCUM;numeric;NULL;NO;NULL
dbo;GA_OFI_DOCUM_EQP;DSC_DOCUM;varchar;40;NO;NULL
dbo;GA_OFI_DOCUM_EQP;IMG_CAMINHO;varchar;80;NO;NULL
dbo;GA_OFI_DOCUM_EQP;ROWID;uniqueidentifier;NULL;YES;(newid())
dbo;GA_OFI_EQUIPE_FUNC;ID;numeric;NULL;NO;NULL
dbo;GA_OFI_EQUIPE_FUNC;ID_EQUIPE;numeric;NULL;YES;NULL
dbo;GA_OFI_EQUIPE_FUNC;COD_FUNC;numeric;NULL;YES;NULL
dbo;GA_OFI_EQUIPE_FUNC;COD_EMPR;numeric;NULL;YES;NULL
dbo;GA_OFI_EQUIPE_FUNC;DATA_INI;datetime;NULL;YES;NULL
dbo;GA_OFI_EQUIPE_FUNC;DATA_FIM;datetime;NULL;YES;NULL
dbo;GA_OFI_EQUIPE_FUNC;ROWID;uniqueidentifier;NULL;YES;(newid())
dbo;GA_OFI_EQUIPES;ID;numeric;NULL;NO;NULL
dbo;GA_OFI_EQUIPES;DESCRICAO;varchar;200;YES;NULL
dbo;GA_OFI_EQUIPES;STATUS;numeric;NULL;YES;NULL
dbo;GA_OFI_EQUIPES;ROWID;uniqueidentifier;NULL;YES;(newid())
dbo;GA_OFI_EQUIPES;COR_FUNDO;varchar;20;YES;NULL
dbo;GA_OFI_EQUIPES;COR_LETRA;varchar;20;YES;NULL
dbo;GA_OFI_EQUIPES_X_BOX;ID;numeric;NULL;NO;NULL
dbo;GA_OFI_EQUIPES_X_BOX;ID_EQUIPE;numeric;NULL;YES;NULL
dbo;GA_OFI_EQUIPES_X_BOX;ID_BOX;numeric;NULL;YES;NULL
dbo;GA_OFI_EQUIPES_X_BOX;COD_EMPR;numeric;NULL;YES;NULL
dbo;GA_OFI_EQUIPES_X_BOX;DATA_INI;datetime;NULL;YES;NULL
dbo;GA_OFI_EQUIPES_X_BOX;DATA_FIM;datetime;NULL;YES;NULL
dbo;GA_OFI_EQUIPES_X_BOX;STATUS;numeric;NULL;YES;NULL
dbo;GA_OFI_EQUIPES_X_BOX;ROWID;uniqueidentifier;NULL;YES;(newid())
dbo;GA_OFI_EQUIPES_X_BOX;ID_SECAO;numeric;NULL;YES;NULL
dbo;GA_OFI_EQUIPES_X_BOX;COD_OFICINA;numeric;NULL;YES;NULL
dbo;GA_OFI_FALHA_CAUSA;CODIGO;numeric;NULL;NO;NULL
dbo;GA_OFI_FALHA_CAUSA;DESCRICAO;varchar;50;YES;NULL
dbo;GA_OFI_FALHA_CAUSA;ABREVIACAO;varchar;20;YES;NULL
dbo;GA_OFI_FALHA_CAUSA;STATUS;numeric;NULL;NO;NULL
dbo;GA_OFI_FALHA_CAUSA;ROWID;uniqueidentifier;NULL;YES;(newid())
dbo;GA_OFI_FALHA_COMPONENTE;CODIGO;numeric;NULL;NO;NULL
dbo;GA_OFI_FALHA_COMPONENTE;DESCRICAO;varchar;50;YES;NULL
dbo;GA_OFI_FALHA_COMPONENTE;ABREVIACAO;varchar;20;YES;NULL
dbo;GA_OFI_FALHA_COMPONENTE;STATUS;numeric;NULL;NO;NULL
dbo;GA_OFI_FALHA_COMPONENTE;ROWID;uniqueidentifier;NULL;YES;(newid())
dbo;GA_OFI_FALHA_EFEITO;CODIGO;numeric;NULL;NO;NULL
dbo;GA_OFI_FALHA_EFEITO;DESCRICAO;varchar;50;YES;NULL
dbo;GA_OFI_FALHA_EFEITO;ABREVIACAO;varchar;20;YES;NULL
dbo;GA_OFI_FALHA_EFEITO;STATUS;numeric;NULL;NO;NULL
dbo;GA_OFI_FALHA_EFEITO;ROWID;uniqueidentifier;NULL;YES;(newid())
dbo;GA_OFI_FALHA_MODO;CODIGO;numeric;NULL;NO;NULL
dbo;GA_OFI_FALHA_MODO;DESCRICAO;varchar;50;YES;NULL
dbo;GA_OFI_FALHA_MODO;ABREVIACAO;varchar;20;YES;NULL
dbo;GA_OFI_FALHA_MODO;STATUS;numeric;NULL;NO;NULL
dbo;GA_OFI_FALHA_MODO;ROWID;uniqueidentifier;NULL;YES;(newid())
dbo;GA_OFI_FALHA_OPERACAO;CODIGO;numeric;NULL;NO;NULL
dbo;GA_OFI_FALHA_OPERACAO;DESCRICAO;varchar;50;YES;NULL
dbo;GA_OFI_FALHA_OPERACAO;ABREVIACAO;varchar;20;YES;NULL
dbo;GA_OFI_FALHA_OPERACAO;STATUS;numeric;NULL;NO;NULL
dbo;GA_OFI_FALHA_OPERACAO;ROWID;uniqueidentifier;NULL;YES;(newid())
dbo;GA_OFI_FALHA_TIPO;CODIGO;numeric;NULL;NO;NULL
dbo;GA_OFI_FALHA_TIPO;DESCRICAO;varchar;50;YES;NULL
dbo;GA_OFI_FALHA_TIPO;ABREVIACAO;varchar;20;YES;NULL
dbo;GA_OFI_FALHA_TIPO;STATUS;numeric;NULL;NO;NULL
dbo;GA_OFI_FALHA_TIPO;ROWID;uniqueidentifier;NULL;YES;(newid())
dbo;GA_OFI_FERIADOS;ID;numeric;NULL;NO;NULL
dbo;GA_OFI_FERIADOS;DATA;datetime;NULL;YES;NULL
dbo;GA_OFI_FERIADOS;DESCRICAO;varchar;200;YES;NULL
dbo;GA_OFI_FERIADOS;ROWID;uniqueidentifier;NULL;YES;(newid())
dbo;GA_OFI_FERRAMENTAS;COD_EMPR;numeric;NULL;NO;NULL
dbo;GA_OFI_FERRAMENTAS;COD_FERMT;varchar;10;NO;NULL
dbo;GA_OFI_FERRAMENTAS;DSC_FERMT;varchar;70;NO;NULL
dbo;GA_OFI_FERRAMENTAS;COD_UNID;varchar;10;NO;NULL
dbo;GA_OFI_FERRAMENTAS;STATUS;varchar;1;YES;NULL
dbo;GA_OFI_FERRAMENTAS;ROWID;uniqueidentifier;NULL;YES;(newid())
dbo;GA_OFI_FICHA_MEC;COD_FUNC;numeric;NULL;NO;NULL
dbo;GA_OFI_FICHA_MEC;FIC_DATA_FICHA;datetime;NULL;NO;NULL
dbo;GA_OFI_FICHA_MEC;COD_EMPR;numeric;NULL;NO;NULL
dbo;GA_OFI_FICHA_MEC;ROWID;uniqueidentifier;NULL;YES;(newid())
dbo;GA_OFI_FICHA_MEC;COD_EMPR_FUNC;numeric;NULL;YES;NULL
dbo;GA_OFI_FICHA_MEC;COD_TURNO;numeric;NULL;YES;NULL
dbo;GA_OFI_FICHA_MEC_IT_08102013;COD_FUNC;numeric;NULL;NO;NULL
dbo;GA_OFI_FICHA_MEC_IT_08102013;FIC_DATA_FICHA;datetime;NULL;NO;NULL
dbo;GA_OFI_FICHA_MEC_IT_08102013;ID_MEC_ITENS;numeric;NULL;NO;NULL
dbo;GA_OFI_FICHA_MEC_IT_08102013;COD_OS;numeric;NULL;YES;NULL
dbo;GA_OFI_FICHA_MEC_IT_08102013;ITE_ITEM;numeric;NULL;YES;NULL
dbo;GA_OFI_FICHA_MEC_IT_08102013;COD_MOTIVO;numeric;NULL;YES;NULL
dbo;GA_OFI_FICHA_MEC_IT_08102013;ID_FUNC_SECAO;numeric;NULL;NO;NULL
dbo;GA_OFI_FICHA_MEC_IT_08102013;ID_SECAO;numeric;NULL;YES;NULL
dbo;GA_OFI_FICHA_MEC_IT_08102013;FIC_HR_INICIO;datetime;NULL;YES;NULL
dbo;GA_OFI_FICHA_MEC_IT_08102013;FIC_HR_FIM;datetime;NULL;YES;NULL
dbo;GA_OFI_FICHA_MEC_IT_08102013;COD_EMPR;numeric;NULL;YES;NULL
dbo;GA_OFI_FICHA_MEC_IT_08102013;ROWID;uniqueidentifier;NULL;YES;NULL
dbo;GA_OFI_FICHA_MEC_IT_08102013;COD_EMPR_FUNC;numeric;NULL;YES;NULL
dbo;GA_OFI_FICHA_MEC_IT_08102013;OS_ORIGEM;varchar;1;YES;NULL
dbo;GA_OFI_FICHA_MEC_IT_08102013;FIC_JUSTIFICATIVA;varchar;200;YES;NULL
dbo;GA_OFI_FICHA_MEC_IT_08102013_2;COD_FUNC;numeric;NULL;NO;NULL
dbo;GA_OFI_FICHA_MEC_IT_08102013_2;FIC_DATA_FICHA;datetime;NULL;NO;NULL
dbo;GA_OFI_FICHA_MEC_IT_08102013_2;ID_MEC_ITENS;numeric;NULL;NO;NULL
dbo;GA_OFI_FICHA_MEC_IT_08102013_2;COD_OS;numeric;NULL;YES;NULL
dbo;GA_OFI_FICHA_MEC_IT_08102013_2;ITE_ITEM;numeric;NULL;YES;NULL
dbo;GA_OFI_FICHA_MEC_IT_08102013_2;COD_MOTIVO;numeric;NULL;YES;NULL
dbo;GA_OFI_FICHA_MEC_IT_08102013_2;ID_FUNC_SECAO;numeric;NULL;NO;NULL
dbo;GA_OFI_FICHA_MEC_IT_08102013_2;ID_SECAO;numeric;NULL;YES;NULL
dbo;GA_OFI_FICHA_MEC_IT_08102013_2;FIC_HR_INICIO;datetime;NULL;YES;NULL
dbo;GA_OFI_FICHA_MEC_IT_08102013_2;FIC_HR_FIM;datetime;NULL;YES;NULL
dbo;GA_OFI_FICHA_MEC_IT_08102013_2;COD_EMPR;numeric;NULL;YES;NULL
dbo;GA_OFI_FICHA_MEC_IT_08102013_2;ROWID;uniqueidentifier;NULL;YES;NULL
dbo;GA_OFI_FICHA_MEC_IT_08102013_2;COD_EMPR_FUNC;numeric;NULL;YES;NULL
dbo;GA_OFI_FICHA_MEC_IT_08102013_2;OS_ORIGEM;varchar;1;YES;NULL
dbo;GA_OFI_FICHA_MEC_IT_08102013_2;FIC_JUSTIFICATIVA;varchar;200;YES;NULL
dbo;GA_OFI_FICHA_MEC_IT_08102013_3;COD_FUNC;numeric;NULL;NO;NULL
dbo;GA_OFI_FICHA_MEC_IT_08102013_3;FIC_DATA_FICHA;datetime;NULL;NO;NULL
dbo;GA_OFI_FICHA_MEC_IT_08102013_3;ID_MEC_ITENS;numeric;NULL;NO;NULL
dbo;GA_OFI_FICHA_MEC_IT_08102013_3;COD_OS;numeric;NULL;YES;NULL
dbo;GA_OFI_FICHA_MEC_IT_08102013_3;ITE_ITEM;numeric;NULL;YES;NULL
dbo;GA_OFI_FICHA_MEC_IT_08102013_3;COD_MOTIVO;numeric;NULL;YES;NULL
dbo;GA_OFI_FICHA_MEC_IT_08102013_3;ID_FUNC_SECAO;numeric;NULL;NO;NULL
dbo;GA_OFI_FICHA_MEC_IT_08102013_3;ID_SECAO;numeric;NULL;YES;NULL
dbo;GA_OFI_FICHA_MEC_IT_08102013_3;FIC_HR_INICIO;datetime;NULL;YES;NULL
dbo;GA_OFI_FICHA_MEC_IT_08102013_3;FIC_HR_FIM;datetime;NULL;YES;NULL
dbo;GA_OFI_FICHA_MEC_IT_08102013_3;COD_EMPR;numeric;NULL;YES;NULL
dbo;GA_OFI_FICHA_MEC_IT_08102013_3;ROWID;uniqueidentifier;NULL;YES;NULL
dbo;GA_OFI_FICHA_MEC_IT_08102013_3;COD_EMPR_FUNC;numeric;NULL;YES;NULL
dbo;GA_OFI_FICHA_MEC_IT_08102013_3;OS_ORIGEM;varchar;1;YES;NULL
dbo;GA_OFI_FICHA_MEC_IT_08102013_3;FIC_JUSTIFICATIVA;varchar;200;YES;NULL
dbo;GA_OFI_FICHA_MEC_IT_08102013_4;COD_FUNC;numeric;NULL;NO;NULL
dbo;GA_OFI_FICHA_MEC_IT_08102013_4;FIC_DATA_FICHA;datetime;NULL;NO;NULL
dbo;GA_OFI_FICHA_MEC_IT_08102013_4;ID_MEC_ITENS;numeric;NULL;NO;NULL
dbo;GA_OFI_FICHA_MEC_IT_08102013_4;COD_OS;numeric;NULL;YES;NULL
dbo;GA_OFI_FICHA_MEC_IT_08102013_4;ITE_ITEM;numeric;NULL;YES;NULL
dbo;GA_OFI_FICHA_MEC_IT_08102013_4;COD_MOTIVO;numeric;NULL;YES;NULL
dbo;GA_OFI_FICHA_MEC_IT_08102013_4;ID_FUNC_SECAO;numeric;NULL;NO;NULL
dbo;GA_OFI_FICHA_MEC_IT_08102013_4;ID_SECAO;numeric;NULL;YES;NULL
dbo;GA_OFI_FICHA_MEC_IT_08102013_4;FIC_HR_INICIO;datetime;NULL;YES;NULL
dbo;GA_OFI_FICHA_MEC_IT_08102013_4;FIC_HR_FIM;datetime;NULL;YES;NULL
dbo;GA_OFI_FICHA_MEC_IT_08102013_4;COD_EMPR;numeric;NULL;YES;NULL
dbo;GA_OFI_FICHA_MEC_IT_08102013_4;ROWID;uniqueidentifier;NULL;YES;NULL
dbo;GA_OFI_FICHA_MEC_IT_08102013_4;COD_EMPR_FUNC;numeric;NULL;YES;NULL
dbo;GA_OFI_FICHA_MEC_IT_08102013_4;OS_ORIGEM;varchar;1;YES;NULL
dbo;GA_OFI_FICHA_MEC_IT_08102013_4;FIC_JUSTIFICATIVA;varchar;200;YES;NULL
dbo;GA_OFI_FICHA_MEC_ITENS;COD_FUNC;numeric;NULL;NO;NULL
dbo;GA_OFI_FICHA_MEC_ITENS;FIC_DATA_FICHA;datetime;NULL;NO;NULL
dbo;GA_OFI_FICHA_MEC_ITENS;ID_MEC_ITENS;numeric;NULL;NO;NULL
dbo;GA_OFI_FICHA_MEC_ITENS;COD_OS;numeric;NULL;YES;NULL
dbo;GA_OFI_FICHA_MEC_ITENS;ITE_ITEM;numeric;NULL;YES;NULL
dbo;GA_OFI_FICHA_MEC_ITENS;COD_MOTIVO;numeric;NULL;YES;NULL
dbo;GA_OFI_FICHA_MEC_ITENS;ID_FUNC_SECAO;numeric;NULL;NO;NULL
dbo;GA_OFI_FICHA_MEC_ITENS;ID_SECAO;numeric;NULL;YES;NULL
dbo;GA_OFI_FICHA_MEC_ITENS;FIC_HR_INICIO;datetime;NULL;YES;NULL
dbo;GA_OFI_FICHA_MEC_ITENS;FIC_HR_FIM;datetime;NULL;YES;NULL
dbo;GA_OFI_FICHA_MEC_ITENS;COD_EMPR;numeric;NULL;YES;NULL
dbo;GA_OFI_FICHA_MEC_ITENS;ROWID;uniqueidentifier;NULL;YES;(newid())
dbo;GA_OFI_FICHA_MEC_ITENS;COD_EMPR_FUNC;numeric;NULL;YES;NULL
dbo;GA_OFI_FICHA_MEC_ITENS;OS_ORIGEM;varchar;1;YES;NULL
dbo;GA_OFI_FICHA_MEC_ITENS;FIC_JUSTIFICATIVA;varchar;200;YES;NULL
dbo;GA_OFI_FICHA_MEC_ITENS;SITUACAO;varchar;1;YES;NULL
dbo;GA_OFI_FORNECEDOR_PECA;COD_FORNEC;numeric;NULL;NO;NULL
dbo;GA_OFI_FORNECEDOR_PECA;DSC_FORNEC;varchar;50;YES;NULL
dbo;GA_OFI_FORNECEDOR_PECA;ABV_FORNEC;varchar;20;YES;NULL
dbo;GA_OFI_FORNECEDOR_PECA;FOR_ENDERECO;varchar;50;YES;NULL
dbo;GA_OFI_FORNECEDOR_PECA;FOR_CIDADE;varchar;30;YES;NULL
dbo;GA_OFI_FORNECEDOR_PECA;FOR_UF;varchar;2;YES;NULL
dbo;GA_OFI_FORNECEDOR_PECA;ROWID;uniqueidentifier;NULL;YES;(newid())
dbo;GA_OFI_FORNECEDOR_PECA;FOR_LIC;varchar;1;YES;('N')
dbo;GA_OFI_FORNECEDOR_PECA;FOR_CNPJ;varchar;18;YES;NULL
dbo;GA_OFI_FORNECEDOR_PECA;FOR_INSC_ESTAD;varchar;20;YES;NULL
dbo;GA_OFI_FUNC_SECAO;ID_FUNC_SECAO;numeric;NULL;NO;NULL
dbo;GA_OFI_FUNC_SECAO;ID_SECAO;numeric;NULL;YES;NULL
dbo;GA_OFI_FUNC_SECAO;COD_FUNC;numeric;NULL;YES;NULL
dbo;GA_OFI_FUNC_SECAO;FUS_DATA_INIC;datetime;NULL;YES;NULL
dbo;GA_OFI_FUNC_SECAO;FUS_PREENC_FICHA;varchar;1;YES;NULL
dbo;GA_OFI_FUNC_SECAO;FUS_DATA_FIM;datetime;NULL;YES;NULL
dbo;GA_OFI_FUNC_SECAO;FUS_PRINCIPAL;varchar;1;YES;NULL
dbo;GA_OFI_FUNC_SECAO;ROWID;uniqueidentifier;NULL;YES;(newid())
dbo;GA_OFI_FUNC_SECAO;COD_EMPR;numeric;NULL;YES;NULL
dbo;GA_OFI_HABILIDADE;ID;numeric;NULL;NO;NULL
dbo;GA_OFI_HABILIDADE;DSC_HAB;varchar;50;NO;NULL
dbo;GA_OFI_HABILIDADE;STATUS;numeric;NULL;NO;NULL
dbo;GA_OFI_HABILIDADE;ROWID;uniqueidentifier;NULL;YES;(newid())
dbo;GA_OFI_INTERVALO_OS;COD_OS;numeric;NULL;NO;NULL
dbo;GA_OFI_INTERVALO_OS;ITE_ITEM;numeric;NULL;NO;NULL
dbo;GA_OFI_INTERVALO_OS;INT_DATA_INI;datetime;NULL;NO;NULL
dbo;GA_OFI_INTERVALO_OS;INT_DATA_FIM;datetime;NULL;YES;NULL
dbo;GA_OFI_INTERVALO_OS;COD_INTERVALO;numeric;NULL;NO;NULL
dbo;GA_OFI_INTERVALO_OS;ROWID;uniqueidentifier;NULL;YES;(newid())
dbo;GA_OFI_LOG_FACOMP_OS;COD_OS;numeric;NULL;YES;NULL
dbo;GA_OFI_LOG_FACOMP_OS;COD_EQUIPAMENTO;varchar;10;YES;NULL
dbo;GA_OFI_LOG_FACOMP_OS;CHK_ID;numeric;NULL;YES;NULL
dbo;GA_OFI_LOG_FACOMP_OS;CHK_ITEM_ID;numeric;NULL;YES;NULL
dbo;GA_OFI_LOG_FACOMP_OS;LOG_DATA;datetime;NULL;YES;NULL
dbo;GA_OFI_LOG_FACOMP_OS;LOG_USUARIO;varchar;30;YES;NULL
dbo;GA_OFI_LOG_LOGIX;LOG_DSC;varchar;40;NO;NULL
dbo;GA_OFI_LOG_LOGIX;COD_EQUIPAMENTO;varchar;15;NO;NULL
dbo;GA_OFI_LOG_LOGIX;COD_OS;numeric;NULL;NO;NULL
dbo;GA_OFI_LOG_LOGIX;LOG_DATA;datetime;NULL;NO;NULL
dbo;GA_OFI_LOG_LOGIX;COD_PECA;varchar;10;NO;NULL
dbo;GA_OFI_LOG_LOGIX;DSC_PECA;varchar;40;YES;NULL
dbo;GA_OFI_LOG_LOGIX;LOG_QTDE;numeric;NULL;YES;NULL
dbo;GA_OFI_LOG_LOGIX;LOG_VALOR;numeric;NULL;YES;NULL
dbo;GA_OFI_LOG_LOGIX;LOG_ITEM;numeric;NULL;YES;NULL
dbo;GA_OFI_LOG_LOGIX;LOG_OBS;varchar;50;YES;NULL
dbo;GA_OFI_LOG_LOGIX;ROWID;uniqueidentifier;NULL;YES;(newid())
dbo;GA_OFI_LOG_PREV_OS;COD_OS;numeric;NULL;YES;NULL
dbo;GA_OFI_LOG_PREV_OS;COD_EQUIPAMENTO;varchar;10;YES;NULL
dbo;GA_OFI_LOG_PREV_OS;ID_PER_PLANO;numeric;NULL;YES;NULL
dbo;GA_OFI_LOG_PREV_OS;LOG_DATA;datetime;NULL;YES;NULL
dbo;GA_OFI_LOG_PREV_OS;LOG_USUARIO;varchar;30;YES;NULL
dbo;GA_OFI_MOD_PEC;COD_MODELO;numeric;NULL;NO;NULL
dbo;GA_OFI_MOD_PEC;COD_VERSAO;numeric;NULL;NO;NULL
dbo;GA_OFI_MOD_PEC;COD_PECA;varchar;16;NO;NULL
dbo;GA_OFI_MOD_PEC;COD_EMPR;numeric;NULL;NO;NULL
dbo;GA_OFI_MOD_PEC;ROWID;uniqueidentifier;NULL;YES;(newid())
dbo;GA_OFI_MOD_SIS_PEC;COD_MODELO;numeric;NULL;NO;NULL
dbo;GA_OFI_MOD_SIS_PEC;COD_VERSAO;numeric;NULL;NO;NULL
dbo;GA_OFI_MOD_SIS_PEC;ID_SISTEMA;numeric;NULL;NO;NULL
dbo;GA_OFI_MOD_SIS_PEC;COD_PECA;varchar;16;NO;NULL
dbo;GA_OFI_MOD_SIS_PEC;COD_EMPR;numeric;NULL;NO;NULL
dbo;GA_OFI_MOD_SIS_PEC;ROWID;uniqueidentifier;NULL;YES;(newid())
dbo;GA_OFI_MODELO_AGREGADO;COD_MOD_AGREG;numeric;NULL;NO;NULL
dbo;GA_OFI_MODELO_AGREGADO;ID_FABRIC;numeric;NULL;YES;NULL
dbo;GA_OFI_MODELO_AGREGADO;DSC_MOD_AGREG;varchar;50;YES;NULL
dbo;GA_OFI_MODELO_AGREGADO;ABV_MOD_AGREG;varchar;20;YES;NULL
dbo;GA_OFI_MODELO_AGREGADO;ROWID;uniqueidentifier;NULL;YES;(newid())
dbo;GA_OFI_MOT_AGCAUSADOR;ID_MOT_AG;numeric;NULL;NO;NULL
dbo;GA_OFI_MOT_AGCAUSADOR;COD_MOTIVO;numeric;NULL;YES;NULL
dbo;GA_OFI_MOT_AGCAUSADOR;COD_AGENTE;numeric;NULL;YES;NULL
dbo;GA_OFI_MOT_AGCAUSADOR;ROWID;uniqueidentifier;NULL;YES;(newid())
dbo;GA_OFI_MOT_ENTRADA;COD_MOTIVO;numeric;NULL;NO;NULL
dbo;GA_OFI_MOT_ENTRADA;DSC_MOTIVO;varchar;50;YES;NULL
dbo;GA_OFI_MOT_ENTRADA;ABV_MOTIVO;varchar;20;YES;NULL
dbo;GA_OFI_MOT_ENTRADA;MOT_PREVENTIVO;varchar;1;YES;NULL
dbo;GA_OFI_MOT_ENTRADA;ROWID;uniqueidentifier;NULL;YES;(newid())
dbo;GA_OFI_MOT_ENTRADA;COD_AGENTE;numeric;NULL;YES;NULL
dbo;GA_OFI_MOT_ENTRADA;MOT_ALERTA;numeric;NULL;YES;NULL
dbo;GA_OFI_MOT_ENTRADA;MOT_ATIVO;numeric;NULL;YES;NULL
dbo;GA_OFI_MOT_ENTRADA;MOT_ALERTA_OS;numeric;NULL;YES;NULL
dbo;GA_OFI_MOT_ENTRADA;MOT_ALERTA_OS_DIAS;numeric;NULL;YES;NULL
dbo;GA_OFI_MOT_ENTRADA;MOT_PREVENTIVA;numeric;NULL;YES;NULL
dbo;GA_OFI_MOT_ENTRADA;REF_MANU;numeric;NULL;YES;NULL
dbo;GA_OFI_MOT_ENTRADA;MOT_OPORTUNIDADE;numeric;NULL;YES;NULL
dbo;GA_OFI_MOT_ENTRADA;MOT_MTBF_MTTR;numeric;NULL;YES;NULL
dbo;GA_OFI_MOT_INT_OS;COD_INTERVALO;numeric;NULL;NO;NULL
dbo;GA_OFI_MOT_INT_OS;DSC_INTERVALO;varchar;50;YES;NULL
dbo;GA_OFI_MOT_INT_OS;STATUS;numeric;NULL;YES;((1))
dbo;GA_OFI_MOT_INT_OS;ROWID;uniqueidentifier;NULL;YES;(newid())
dbo;GA_OFI_MOT_INTERVALO_OS;COD_INTERVALO;numeric;NULL;NO;NULL
dbo;GA_OFI_MOT_INTERVALO_OS;DSC_INTERVALO;varchar;50;YES;NULL
dbo;GA_OFI_MOT_INTERVALO_OS;ABV_INTERVALO;varchar;20;YES;NULL
dbo;GA_OFI_MOT_INTERVALO_OS;ROWID;uniqueidentifier;NULL;YES;(newid())
dbo;GA_OFI_MOT_PARADA_OFI;COD_MOTIVO;numeric;NULL;NO;NULL
dbo;GA_OFI_MOT_PARADA_OFI;DSC_MOTIVO;varchar;50;YES;NULL
dbo;GA_OFI_MOT_PARADA_OFI;ABV_MOTIVO;varchar;20;YES;NULL
dbo;GA_OFI_MOT_PARADA_OFI;TIPO_MOTIVO;varchar;1;NO;NULL
dbo;GA_OFI_MOT_PARADA_OFI;PAO_ENCERRA_ITEM_OS;varchar;1;YES;NULL
dbo;GA_OFI_MOT_PARADA_OFI;MOT_TIPO_HR;varchar;1;YES;NULL
dbo;GA_OFI_MOT_PARADA_OFI;ROWID;uniqueidentifier;NULL;YES;(newid())
dbo;GA_OFI_MOT_PARADA_OFI;MOT_HORA_PERMITIDA;datetime;NULL;YES;NULL
dbo;GA_OFI_MOT_PARADA_OFI;STATUS_MOTIVO;numeric;NULL;YES;NULL
dbo;GA_OFI_MOT_PARADA_OFI;COD_CLASSIFICACAO;numeric;NULL;YES;NULL
dbo;GA_OFI_MOT_PARADA_OFI;NAO_VALORIZA_HORAS_CUBO;numeric;NULL;YES;NULL
dbo;GA_OFI_MOV_CUSTO_PESSOAL;ID_CARGO;numeric;NULL;NO;NULL
dbo;GA_OFI_MOV_CUSTO_PESSOAL;CUP_DATA;datetime;NULL;NO;NULL
dbo;GA_OFI_MOV_CUSTO_PESSOAL;ID_MOEDA;numeric;NULL;YES;NULL
dbo;GA_OFI_MOV_CUSTO_PESSOAL;CUP_VALOR;numeric;NULL;YES;NULL
dbo;GA_OFI_MOV_CUSTO_PESSOAL;COD_EMPR;numeric;NULL;YES;NULL
dbo;GA_OFI_MOV_CUSTO_PESSOAL;ROWID;uniqueidentifier;NULL;YES;(newid())
dbo;GA_OFI_MOV_CUSTO_PESSOAL;CUP_VALOR_MF;numeric;NULL;YES;NULL
dbo;GA_OFI_MOV_PECAS;COD_PECA;varchar;10;NO;NULL
dbo;GA_OFI_MOV_PECAS;COD_EMPR;numeric;NULL;NO;NULL
dbo;GA_OFI_MOV_PECAS;MPE_DATA;datetime;NULL;NO;NULL
dbo;GA_OFI_MOV_PECAS;ID_MOEDA;numeric;NULL;NO;NULL
dbo;GA_OFI_MOV_PECAS;COD_FORNEC;numeric;NULL;YES;NULL
dbo;GA_OFI_MOV_PECAS;MPE_VALOR;numeric;NULL;YES;NULL
dbo;GA_OFI_MOV_PECAS;ROWID;uniqueidentifier;NULL;YES;(newid())
dbo;GA_OFI_MOV_PECAS;MPE_VALOR_MF;numeric;NULL;YES;NULL
dbo;GA_OFI_OFICINA;COD_OFICINA;numeric;NULL;NO;NULL
dbo;GA_OFI_OFICINA;DSC_OFICINA;varchar;50;YES;NULL
dbo;GA_OFI_OFICINA;ABV_OFICINA;varchar;20;YES;NULL
dbo;GA_OFI_OFICINA;TIPO_OFICINA;varchar;1;YES;NULL
dbo;GA_OFI_OFICINA;ROWID;uniqueidentifier;NULL;YES;(newid())
dbo;GA_OFI_OFICINA;IND_STATUS;numeric;NULL;YES;NULL
dbo;GA_OFI_OFICINA;COD_ALMOX;varchar;20;YES;NULL
dbo;GA_OFI_OFICINA;PRINTER_PATCH;varchar;400;YES;NULL
dbo;GA_OFI_OFICINA;COD_EMPR_BAIXA;varchar;2;YES;NULL
dbo;GA_OFI_OFICINA;COD_EMPR;numeric;NULL;YES;NULL
dbo;GA_OFI_OS;COD_CENTR_CUSTO;char;15;YES;NULL
dbo;GA_OFI_OS;COD_OS;numeric;NULL;NO;NULL
dbo;GA_OFI_OS;COD_EQUIPAMENTO;varchar;15;YES;NULL
dbo;GA_OFI_OS;COD_TIPO_AGREG;numeric;NULL;YES;NULL
dbo;GA_OFI_OS;COD_AGREG;varchar;15;YES;NULL
dbo;GA_OFI_OS;COD_MOTIVO;numeric;NULL;YES;NULL
dbo;GA_OFI_OS;COD_OFICINA;numeric;NULL;YES;NULL
dbo;GA_OFI_OS;COD_INTERVALO;numeric;NULL;YES;NULL
dbo;GA_OFI_OS;COD_AGENTE;numeric;NULL;YES;NULL
dbo;GA_OFI_OS;OS_DT_ENTRADA;datetime;NULL;YES;NULL
dbo;GA_OFI_OS;OS_DT_SAIDA;datetime;NULL;YES;NULL
dbo;GA_OFI_OS;OS_MEDIDOR;numeric;NULL;YES;NULL
dbo;GA_OFI_OS;OS_STATUS;numeric;NULL;NO;NULL
dbo;GA_OFI_OS;OS_SITUACAO;varchar;3;YES;NULL
dbo;GA_OFI_OS;OS_DT_COMUNICACAO;datetime;NULL;YES;NULL
dbo;GA_OFI_OS;OS_OBSERVACAO;varchar;4000;YES;NULL
dbo;GA_OFI_OS;COD_EMPR;numeric;NULL;YES;NULL
dbo;GA_OFI_OS;COD_FUNC;numeric;NULL;YES;NULL
dbo;GA_OFI_OS;OS_TIPO;numeric;NULL;YES;NULL
dbo;GA_OFI_OS;ROWID;uniqueidentifier;NULL;YES;(newid())
dbo;GA_OFI_OS;COD_FUNC_ABE;numeric;NULL;YES;NULL
dbo;GA_OFI_OS;COD_FUNC_ENC;numeric;NULL;YES;NULL
dbo;GA_OFI_OS;ID_USUARIO;numeric;NULL;YES;NULL
dbo;GA_OFI_OS;OS_CHK_ESTEPE;varchar;1;YES;NULL
dbo;GA_OFI_OS;OS_CHK_MACACO;varchar;1;YES;NULL
dbo;GA_OFI_OS;OS_CHK_EXTINTOR;varchar;1;YES;NULL
dbo;GA_OFI_OS;OS_CHK_EQP_SOM;varchar;1;YES;NULL
dbo;GA_OFI_OS;OS_CHK_DOCUM;varchar;1;YES;NULL
dbo;GA_OFI_OS;OS_CHK_RAD_AMADOR;varchar;1;YES;NULL
dbo;GA_OFI_OS;OS_CHK_CHAVE_DE_RODA;varchar;1;YES;NULL
dbo;GA_OFI_OS;OS_CHK_COMP_BORDO;varchar;1;YES;NULL
dbo;GA_OFI_OS;OS_CHK_TRIANGULO;varchar;1;YES;NULL
dbo;GA_OFI_OS;ID_USUARIO_ABRIU;numeric;NULL;YES;NULL
dbo;GA_OFI_OS;FLG_BLOQUEADA;varchar;1;YES;NULL
dbo;GA_OFI_OS;OS_DT_PREVISAO;datetime;NULL;YES;NULL
dbo;GA_OFI_OS;COD_SOLIC;numeric;NULL;YES;NULL
dbo;GA_OFI_OS;ID_BOX;numeric;NULL;YES;NULL
dbo;GA_OFI_OS;ID_SECAO;numeric;NULL;YES;NULL
dbo;GA_OFI_OS;COD_DIVI1_OS;varchar;10;YES;NULL
dbo;GA_OFI_OS;COD_DIVI2_OS;varchar;10;YES;NULL
dbo;GA_OFI_OS;SAF_ANO_SAFRA_DIVI;numeric;NULL;YES;NULL
dbo;GA_OFI_OS;OS_CHK_BATERIA;varchar;1;YES;NULL
dbo;GA_OFI_OS;OS_CHK_TACOGRAFO;varchar;1;YES;NULL
dbo;GA_OFI_OS;ID_USUARIO_ALTEROU;numeric;NULL;YES;NULL
dbo;GA_OFI_OS;OS_CHK_TAG;varchar;1;YES;NULL
dbo;GA_OFI_OS;OS_PECAS_SEMEQP;varchar;1;YES;NULL
dbo;GA_OFI_OS;ID_USUARIO_REABRIU;numeric;NULL;YES;NULL
dbo;GA_OFI_OS;COD_DIVI1;varchar;10;YES;NULL
dbo;GA_OFI_OS;COD_DIVI2;varchar;10;YES;NULL
dbo;GA_OFI_OS;OS_ORIGEM;varchar;1;YES;NULL
dbo;GA_OFI_OS;PROJ_CODE;varchar;15;YES;NULL
dbo;GA_OFI_OS;FLG_BLOQUIADA;numeric;NULL;YES;NULL
dbo;GA_OFI_OS;FLG_BLOQ_EST;varchar;1;YES;NULL
dbo;GA_OFI_OS;FLG_BLOQ_MEC;varchar;1;YES;NULL
dbo;GA_OFI_OS;OS_OPORTUNIDADE;varchar;1;YES;NULL
dbo;GA_OFI_OS;COD_EMPR_FUNC;numeric;NULL;YES;NULL
dbo;GA_OFI_OS;COD_EMPR_ABE;numeric;NULL;YES;NULL
dbo;GA_OFI_OS;COD_EMPR_ENC;numeric;NULL;YES;NULL
dbo;GA_OFI_OS;ID_SS;numeric;NULL;YES;NULL
dbo;GA_OFI_OS;FEED_DT;datetime;NULL;YES;NULL
dbo;GA_OFI_OS;FEED_EMPR_FUNC;varchar;2;YES;NULL
dbo;GA_OFI_OS;FEED_FUNC;numeric;NULL;YES;NULL
dbo;GA_OFI_OS;FEED_USUARIO;varchar;100;YES;NULL
dbo;GA_OFI_OS;FEED_OBS;varchar;4000;YES;NULL
dbo;GA_OFI_OS;FEED_CLASSIF;numeric;NULL;YES;NULL
dbo;GA_OFI_OS;FEEDBACK;varchar;1;YES;NULL
dbo;GA_OFI_OS;VALIDADO;numeric;NULL;YES;NULL
dbo;GA_OFI_OS;FASE_CODE;varchar;4;YES;NULL
dbo;GA_OFI_OS;OS_DT_PROGRAMACAO;datetime;NULL;YES;NULL
dbo;GA_OFI_OS;OS_MEDIDOR_SAIDA;numeric;NULL;YES;NULL
dbo;GA_OFI_OS;OS_ENTRESAFRA;varchar;1;YES;NULL
dbo;GA_OFI_OS;ID_OS_EQP;numeric;NULL;YES;NULL
dbo;GA_OFI_OS;PROJ_EMPR;numeric;NULL;YES;NULL
dbo;GA_OFI_OS_ANEXOS;COD_OS;numeric;NULL;NO;NULL
dbo;GA_OFI_OS_ANEXOS;PATH_ANEXOS;varchar;1000;YES;NULL
dbo;GA_OFI_OS_ANEXOS;ROWID;uniqueidentifier;NULL;YES;(newid())
dbo;GA_OFI_OS_ANEXOS;TP_ANEXO;numeric;NULL;YES;NULL
dbo;GA_OFI_OS_APROVACAO;ID;numeric;NULL;NO;NULL
dbo;GA_OFI_OS_APROVACAO;COD_OS;numeric;NULL;NO;NULL
dbo;GA_OFI_OS_APROVACAO;OS_SITUACAO;varchar;3;NO;NULL
dbo;GA_OFI_OS_APROVACAO;COD_FUNC;numeric;NULL;YES;NULL
dbo;GA_OFI_OS_APROVACAO;COD_EMPR_FUNC;numeric;NULL;YES;NULL
dbo;GA_OFI_OS_APROVACAO;MOTIVO;varchar;2000;YES;NULL
dbo;GA_OFI_OS_APROVACAO;DATA;datetime;NULL;NO;NULL
dbo;GA_OFI_OS_APROVACAO;ROWID;uniqueidentifier;NULL;YES;(newid())
dbo;GA_OFI_OS_APROVACAO;ID_SS;numeric;NULL;YES;NULL
dbo;GA_OFI_OS_APROVACAO;COD_OS_OFI;numeric;NULL;YES;NULL
dbo;GA_OFI_OS_APROVACAO;OS_SITUACAO_ANT;varchar;4;YES;NULL
dbo;GA_OFI_OS_APROVACAO;ID_USUARIO;numeric;NULL;YES;NULL
dbo;GA_OFI_OS_APROVACAO;TEMPO_MINUTOS;numeric;NULL;YES;NULL
dbo;GA_OFI_OS_APROVACAO;ID_ANT;numeric;NULL;YES;NULL
dbo;GA_OFI_OS_APROVACAO;VALIDADO;numeric;NULL;YES;NULL
dbo;GA_OFI_OS_CHECK_LIST;COD_OS;numeric;NULL;NO;NULL
dbo;GA_OFI_OS_CHECK_LIST;ID_CHECK_LIST_1;numeric;NULL;YES;NULL
dbo;GA_OFI_OS_CHECK_LIST;VALOR_CHK_1;varchar;1;YES;NULL
dbo;GA_OFI_OS_CHECK_LIST;ID_CHECK_LIST_2;numeric;NULL;YES;NULL
dbo;GA_OFI_OS_CHECK_LIST;VALOR_CHK_2;varchar;1;YES;NULL
dbo;GA_OFI_OS_CHECK_LIST;ID_CHECK_LIST_3;numeric;NULL;YES;NULL
dbo;GA_OFI_OS_CHECK_LIST;VALOR_CHK_3;varchar;1;YES;NULL
dbo;GA_OFI_OS_CHECK_LIST;ID_CHECK_LIST_4;numeric;NULL;YES;NULL
dbo;GA_OFI_OS_CHECK_LIST;VALOR_CHK_4;varchar;1;YES;NULL
dbo;GA_OFI_OS_CHECK_LIST;ID_CHECK_LIST_5;numeric;NULL;YES;NULL
dbo;GA_OFI_OS_CHECK_LIST;VALOR_CHK_5;varchar;1;YES;NULL
dbo;GA_OFI_OS_CHECK_LIST;ID_CHECK_LIST_6;numeric;NULL;YES;NULL
dbo;GA_OFI_OS_CHECK_LIST;VALOR_CHK_6;varchar;1;YES;NULL
dbo;GA_OFI_OS_CHECK_LIST;ORDEM;numeric;NULL;NO;NULL
dbo;GA_OFI_OS_CHECK_LIST;ROWID;uniqueidentifier;NULL;YES;(newid())
dbo;GA_OFI_OS_ITEM_LAUDO;COD_OS;numeric;NULL;NO;NULL
dbo;GA_OFI_OS_ITEM_LAUDO;ITE_ITEM;numeric;NULL;NO;NULL
dbo;GA_OFI_OS_ITEM_LAUDO;NRO_LAUDO;numeric;NULL;YES;NULL
dbo;GA_OFI_OS_ITEM_LAUDO;LAU_DATA;datetime;NULL;YES;NULL
dbo;GA_OFI_OS_ITEM_LAUDO;LAU_DESC;varchar;500;YES;NULL
dbo;GA_OFI_OS_ITEM_LAUDO;LAU_COD_FUNC;numeric;NULL;YES;NULL
dbo;GA_OFI_OS_ITEM_LAUDO;LAU_LEV1;numeric;NULL;YES;NULL
dbo;GA_OFI_OS_ITEM_LAUDO;LAU_LEV1_OBS;varchar;100;YES;NULL
dbo;GA_OFI_OS_ITEM_LAUDO;LAU_LEV2;numeric;NULL;YES;NULL
dbo;GA_OFI_OS_ITEM_LAUDO;LAU_LEV2_OBS;varchar;100;YES;NULL
dbo;GA_OFI_OS_ITEM_LAUDO;LAU_LEV3;numeric;NULL;YES;NULL
dbo;GA_OFI_OS_ITEM_LAUDO;LAU_LEV3_OBS;varchar;100;YES;NULL
dbo;GA_OFI_OS_ITEM_LAUDO;LAU_LEV4;numeric;NULL;YES;NULL
dbo;GA_OFI_OS_ITEM_LAUDO;LAU_LEV4_OBS;varchar;100;YES;NULL
dbo;GA_OFI_OS_ITEM_LAUDO;LAU_INF1_OBS;varchar;100;YES;NULL
dbo;GA_OFI_OS_ITEM_LAUDO;LAU_INF2_OBS;varchar;100;YES;NULL
dbo;GA_OFI_OS_ITEM_LAUDO;LAU_INF3;numeric;NULL;YES;NULL
dbo;GA_OFI_OS_ITEM_LAUDO;LAU_INF4_OBS;varchar;100;YES;NULL
dbo;GA_OFI_OS_ITEM_LAUDO;LAU_CONCLU;varchar;500;YES;NULL
dbo;GA_OFI_OS_ITEM_LAUDO;LAU_ARQUIVO;varchar;100;YES;NULL
dbo;GA_OFI_OS_ITEM_LAUDO;LAU_DATA_FEC;datetime;NULL;YES;NULL
dbo;GA_OFI_OS_ITEM_LAUDO;LAU_COD_INV;numeric;NULL;YES;NULL
dbo;GA_OFI_OS_ITEM_LAUDO;LAU_COD_ENC;numeric;NULL;YES;NULL
dbo;GA_OFI_OS_ITEM_LAUDO;LAU_COD_SUP;numeric;NULL;YES;NULL
dbo;GA_OFI_OS_ITEM_LAUDO;LAU_CAUSA;varchar;500;YES;NULL
dbo;GA_OFI_OS_ITEM_LAUDO;ROWID;uniqueidentifier;NULL;YES;(newid())
dbo;GA_OFI_OS_ITENS;COD_OS;numeric;NULL;NO;NULL
dbo;GA_OFI_OS_ITENS;ITE_ITEM;numeric;NULL;NO;NULL
dbo;GA_OFI_OS_ITENS;ID_ATIVIDADE;numeric;NULL;NO;NULL
dbo;GA_OFI_OS_ITENS;ID_COMPL_ATIV;numeric;NULL;YES;NULL
dbo;GA_OFI_OS_ITENS;ID_COMPONENTE;numeric;NULL;NO;NULL
dbo;GA_OFI_OS_ITENS;ID_COMPL_COMPO;numeric;NULL;YES;NULL
dbo;GA_OFI_OS_ITENS;ID_SISTEMA;numeric;NULL;NO;NULL
dbo;GA_OFI_OS_ITENS;ITE_STATUS;varchar;1;YES;NULL
dbo;GA_OFI_OS_ITENS;ITE_DURACAO_PREV;numeric;NULL;YES;NULL
dbo;GA_OFI_OS_ITENS;ITE_OBSERVACAO;varchar;4000;YES;NULL
dbo;GA_OFI_OS_ITENS;COD_EMPR;numeric;NULL;YES;NULL
dbo;GA_OFI_OS_ITENS;HR_ESTIMADA;datetime;NULL;YES;NULL
dbo;GA_OFI_OS_ITENS;ROWID;uniqueidentifier;NULL;YES;(newid())
dbo;GA_OFI_OS_ITENS;ITE_CHECK;numeric;NULL;YES;NULL
dbo;GA_OFI_OS_ITENS;COD_OS_ORIGEM;numeric;NULL;YES;NULL
dbo;GA_OFI_OS_ITENS;ITE_QUEBRA;numeric;NULL;YES;NULL
dbo;GA_OFI_OS_ITENS;COD_AGENTE;numeric;NULL;YES;NULL
dbo;GA_OFI_OS_ITENS;COD_INTERVALO;numeric;NULL;YES;NULL
dbo;GA_OFI_OS_ITENS;ID_BAIXA_PLANO;numeric;NULL;YES;NULL
dbo;GA_OFI_OS_ITENS;CHK_ID;numeric;NULL;YES;NULL
dbo;GA_OFI_OS_ITENS;CHK_ITEM_ID;numeric;NULL;YES;NULL
dbo;GA_OFI_OS_ITENS;HR_PREVISTO;numeric;NULL;YES;NULL
dbo;GA_OFI_OS_ITENS;OS_ORIGEM;varchar;1;YES;NULL
dbo;GA_OFI_OS_ITENS;PRAZO_EXEC;datetime;NULL;YES;NULL
dbo;GA_OFI_OS_ITENS;TPR_HORA;numeric;NULL;YES;NULL
dbo;GA_OFI_OS_ITENS;ID_SECAO;numeric;NULL;YES;NULL
dbo;GA_OFI_OS_ITENS;ITEM_DT_ENTRADA;date;NULL;YES;NULL
dbo;GA_OFI_OS_ITENS;ITEM_DT_SAIDA;date;NULL;YES;NULL
dbo;GA_OFI_OS_ITENS;ID_LAV;numeric;NULL;YES;NULL
dbo;GA_OFI_OS_ITENS;ITEM_ORD_EXEC;numeric;NULL;YES;NULL
dbo;GA_OFI_OS_ITENS;ITE_MANTENEDOR;numeric;NULL;YES;NULL
dbo;GA_OFI_OS_ITENS;COD_OS_DESTINO;numeric;NULL;YES;NULL
dbo;GA_OFI_OS_ITENS;DSC_USUARIO;varchar;100;YES;NULL
dbo;GA_OFI_OS_ITENS;DT_CANCELA_ENCERRA;datetime;NULL;YES;NULL
dbo;GA_OFI_OS_ITENS;COD_CRIT;numeric;NULL;YES;NULL
dbo;GA_OFI_OS_ITENS;DT_JUSTIFICATIVA;datetime;NULL;YES;NULL
dbo;GA_OFI_OS_ITENS;OS_JUST_EMPR_FUNC;varchar;2;YES;NULL
dbo;GA_OFI_OS_ITENS;OS_JUST_FUNC;numeric;NULL;YES;NULL
dbo;GA_OFI_OS_ITENS;OS_JUST_USUARIO;varchar;100;YES;NULL
dbo;GA_OFI_OS_ITENS;DSC_JUSTIFICATIVA;varchar;4000;YES;NULL
dbo;GA_OFI_OS_ITENS;OS_JUSTIFICATIVA;varchar;1;YES;('N')
dbo;GA_OFI_OS_ITENS;FEED_DT;datetime;NULL;YES;NULL
dbo;GA_OFI_OS_ITENS;FEED_EMPR_FUNC;varchar;2;YES;NULL
dbo;GA_OFI_OS_ITENS;FEED_FUNC;numeric;NULL;YES;NULL
dbo;GA_OFI_OS_ITENS;FEED_USUARIO;varchar;100;YES;NULL
dbo;GA_OFI_OS_ITENS;FEED_OBS;varchar;4000;YES;NULL
dbo;GA_OFI_OS_ITENS;FEED_CLASSIF;numeric;NULL;YES;NULL
dbo;GA_OFI_OS_ITENS;FEEDBACK;varchar;1;YES;NULL
dbo;GA_OFI_OS_ITENS;ITE_QTD_RECURSOS;numeric;NULL;YES;NULL
dbo;GA_OFI_OS_ITENS;ITE_INSPEC_FALHA;numeric;NULL;YES;NULL
dbo;GA_OFI_OS_ITENS_FALHAS;COD_OS;numeric;NULL;YES;NULL
dbo;GA_OFI_OS_ITENS_FALHAS;ITE_ITEM;numeric;NULL;YES;NULL
dbo;GA_OFI_OS_ITENS_FALHAS;COD_TIPO;numeric;NULL;YES;NULL
dbo;GA_OFI_OS_ITENS_FALHAS;COD_MODO;numeric;NULL;YES;NULL
dbo;GA_OFI_OS_ITENS_FALHAS;COD_CAUSA;numeric;NULL;YES;NULL
dbo;GA_OFI_OS_ITENS_FALHAS;COD_EFEITO;numeric;NULL;YES;NULL
dbo;GA_OFI_OS_ITENS_FALHAS;COD_OPERACAO;numeric;NULL;YES;NULL
dbo;GA_OFI_OS_ITENS_FALHAS;COD_COMPONENTE;numeric;NULL;YES;NULL
dbo;GA_OFI_OS_ITENS_FUNC_HAB;ID;numeric;NULL;NO;NULL
dbo;GA_OFI_OS_ITENS_FUNC_HAB;COD_EMPR_FUNC;numeric;NULL;NO;NULL
dbo;GA_OFI_OS_ITENS_FUNC_HAB;COD_FUNC;numeric;NULL;NO;NULL
dbo;GA_OFI_OS_ITENS_FUNC_HAB;COD_OS;numeric;NULL;NO;NULL
dbo;GA_OFI_OS_ITENS_FUNC_HAB;ITE_ITEM;numeric;NULL;NO;NULL
dbo;GA_OFI_OS_ITENS_FUNC_HAB;ROWID;uniqueidentifier;NULL;YES;(newid())
dbo;GA_OFI_OS_ITENS_PLANO_TESTE;ID;numeric;NULL;NO;NULL
dbo;GA_OFI_OS_ITENS_PLANO_TESTE;COD_OS;numeric;NULL;YES;NULL
dbo;GA_OFI_OS_ITENS_PLANO_TESTE;ITE_ITEM;numeric;NULL;YES;NULL
dbo;GA_OFI_OS_ITENS_PLANO_TESTE;ID_PERGUNTA;numeric;NULL;YES;NULL
dbo;GA_OFI_OS_ITENS_PLANO_TESTE;ID_RESPOSTA;numeric;NULL;YES;NULL
dbo;GA_OFI_OS_ITENS_PLANO_TESTE;DATA_EXEC;datetime;NULL;YES;NULL
dbo;GA_OFI_OS_ITENS_PLANO_TESTE;ID_PLANO;numeric;NULL;YES;NULL
dbo;GA_OFI_OS_ITENS_PLANO_TESTE;OBSERVACAO;varchar;4000;YES;NULL
dbo;GA_OFI_OS_ITENS_PLANO_TESTE;ROWID;uniqueidentifier;NULL;YES;(newid())
dbo;GA_OFI_OS_LGT;ID_LGT;numeric;NULL;NO;NULL
dbo;GA_OFI_OS_LGT;COD_EQUIPAMENTO;varchar;15;NO;NULL
dbo;GA_OFI_OS_LGT;DATA_HORA;datetime;NULL;NO;NULL
dbo;GA_OFI_OS_LGT;COD_AGENTE;numeric;NULL;NO;NULL
dbo;GA_OFI_OS_LGT;COD_MOTIVO;numeric;NULL;NO;NULL
dbo;GA_OFI_OS_LGT;COD_OFICINA;numeric;NULL;NO;NULL
dbo;GA_OFI_OS_LGT;COD_EMPR;numeric;NULL;NO;NULL
dbo;GA_OFI_OS_LGT;ID_USUARIO;numeric;NULL;YES;NULL
dbo;GA_OFI_OS_LGT;OBSERVACAO;varchar;4000;YES;NULL
dbo;GA_OFI_OS_LGT;DATA_HORA_SAI;date;NULL;YES;NULL
dbo;GA_OFI_OS_LGT_DET;ID_LGT_DET;numeric;NULL;NO;NULL
dbo;GA_OFI_OS_LGT_DET;ID_LGT;numeric;NULL;NO;NULL
dbo;GA_OFI_OS_LGT_DET;COD_OS;numeric;NULL;YES;NULL
dbo;GA_OFI_OS_LGT_DET;OS_SITUACAO;varchar;3;YES;NULL
dbo;GA_OFI_OS_LGT_DET;OBS_ERRO;varchar;4000;YES;NULL
dbo;GA_OFI_OS_MAO_OBRA;ID_MAO_OBRA;numeric;NULL;NO;NULL
dbo;GA_OFI_OS_MAO_OBRA;COD_OS;numeric;NULL;NO;NULL
dbo;GA_OFI_OS_MAO_OBRA;ITE_ITEM;numeric;NULL;NO;NULL
dbo;GA_OFI_OS_MAO_OBRA;COD_FORNEC;numeric;NULL;YES;NULL
dbo;GA_OFI_OS_MAO_OBRA;MOB_NOTA;varchar;10;YES;NULL
dbo;GA_OFI_OS_MAO_OBRA;MOB_ITEM;numeric;NULL;YES;NULL
dbo;GA_OFI_OS_MAO_OBRA;MOB_DATA_NF;datetime;NULL;YES;NULL
dbo;GA_OFI_OS_MAO_OBRA;MOB_CUSTO;numeric;NULL;YES;NULL
dbo;GA_OFI_OS_MAO_OBRA;COD_EMPR;numeric;NULL;YES;NULL
dbo;GA_OFI_OS_MAO_OBRA;ROWID;uniqueidentifier;NULL;YES;(newid())
dbo;GA_OFI_OS_MAO_OBRA;row_integracao;varchar;50;YES;NULL
dbo;GA_OFI_OS_MAO_OBRA;COD_PECA;varchar;10;YES;NULL
dbo;GA_OFI_OS_MAO_OBRA;MOB_CUSTO_MF;numeric;NULL;YES;NULL
dbo;GA_OFI_OS_MAO_OBRA;DSC_SERVICO_COMPL;varchar;100;YES;NULL
dbo;GA_OFI_OS_PECAS;ID_OS_PECAS;numeric;NULL;NO;NULL
dbo;GA_OFI_OS_PECAS;COD_OS;numeric;NULL;NO;NULL
dbo;GA_OFI_OS_PECAS;ITE_ITEM;numeric;NULL;NO;NULL
dbo;GA_OFI_OS_PECAS;COD_FORNEC;numeric;NULL;YES;NULL
dbo;GA_OFI_OS_PECAS;COD_PECA;varchar;10;YES;NULL
dbo;GA_OFI_OS_PECAS;PEC_DATA_ENT_PECA;datetime;NULL;YES;NULL
dbo;GA_OFI_OS_PECAS;PEC_TIPO_CUSTO;numeric;NULL;NO;NULL
dbo;GA_OFI_OS_PECAS;PEC_TIPO_CONTROLE;varchar;1;NO;NULL
dbo;GA_OFI_OS_PECAS;PEC_ITEM_ESTOQUE;varchar;1;NO;NULL
dbo;GA_OFI_OS_PECAS;PEC_COD_PECA_AD;varchar;10;YES;NULL
dbo;GA_OFI_OS_PECAS;PEC_DSC_PECA_AD;varchar;50;YES;NULL
dbo;GA_OFI_OS_PECAS;PEC_ABV_PECA_AD;varchar;20;YES;NULL
dbo;GA_OFI_OS_PECAS;PEC_QTDE;numeric;NULL;YES;NULL
dbo;GA_OFI_OS_PECAS;PEC_VALOR;numeric;NULL;YES;NULL
dbo;GA_OFI_OS_PECAS;PEC_NR_NOTA_FISCAL;varchar;10;YES;NULL
dbo;GA_OFI_OS_PECAS;PEC_DATA_NOTA_FISCAL;datetime;NULL;YES;NULL
dbo;GA_OFI_OS_PECAS;COD_EMPR;numeric;NULL;YES;NULL
dbo;GA_OFI_OS_PECAS;REQUISICAO;varchar;35;YES;NULL
dbo;GA_OFI_OS_PECAS;ROWID;uniqueidentifier;NULL;YES;(newid())
dbo;GA_OFI_OS_PECAS;PEC_TIPO_FAM;numeric;NULL;YES;NULL
dbo;GA_OFI_OS_PECAS;ROW_INTEGRACAO;varchar;50;YES;NULL
dbo;GA_OFI_OS_PECAS;OS_ORIGEM;varchar;1;YES;NULL
dbo;GA_OFI_OS_PECAS;PEC_VALOR_MF;numeric;NULL;YES;NULL
dbo;GA_OFI_OS_PERMISSAO_ALTERAR;OS_SITUACAO;varchar;4;NO;NULL
dbo;GA_OFI_OS_PERMISSAO_ALTERAR;ORIGEM;varchar;20;NO;NULL
dbo;GA_OFI_OS_PERMISSAO_ALTERAR;PERMITE_ALTERAR;numeric;NULL;NO;NULL
dbo;GA_OFI_OS_PERMISSAO_ALTERAR;PERMITE_ENCERRAR;numeric;NULL;NO;NULL
dbo;GA_OFI_OS_PERMISSAO_ALTERAR;USA_VALIDACAO;numeric;NULL;YES;NULL
dbo;GA_OFI_OS_PLANO;ID_PER_PLANO;numeric;NULL;NO;NULL
dbo;GA_OFI_OS_PLANO;COD_OS;numeric;NULL;NO;NULL
dbo;GA_OFI_OS_PLANO;ROWID;uniqueidentifier;NULL;YES;(newid())
dbo;GA_OFI_OS_PRE_DEFINIDA_CAB;ID;numeric;NULL;NO;NULL
dbo;GA_OFI_OS_PRE_DEFINIDA_CAB;ID_CLASSE;numeric;NULL;NO;NULL
dbo;GA_OFI_OS_PRE_DEFINIDA_CAB;COD_MOTIVO;numeric;NULL;NO;NULL
dbo;GA_OFI_OS_PRE_DEFINIDA_CAB;COD_AGENTE;numeric;NULL;NO;NULL
dbo;GA_OFI_OS_PRE_DEFINIDA_CAB;DESCRICAO;varchar;4000;NO;NULL
dbo;GA_OFI_OS_PRE_DEFINIDA_CAB;COD_OFICINA;numeric;NULL;YES;NULL
dbo;GA_OFI_OS_PRE_DEFINIDA_DET;ID;numeric;NULL;NO;NULL
dbo;GA_OFI_OS_PRE_DEFINIDA_DET;ID_OS_PRE_CAB;numeric;NULL;NO;NULL
dbo;GA_OFI_OS_PRE_DEFINIDA_DET;ID_ATIVIDADE;numeric;NULL;NO;NULL
dbo;GA_OFI_OS_PRE_DEFINIDA_DET;ID_COMPL_ATIV;numeric;NULL;YES;NULL
dbo;GA_OFI_OS_PRE_DEFINIDA_DET;ID_COMPONENTE;numeric;NULL;NO;NULL
dbo;GA_OFI_OS_PRE_DEFINIDA_DET;ID_COMPL_COMPO;numeric;NULL;YES;NULL
dbo;GA_OFI_OS_PRE_DEFINIDA_DET;ID_SISTEMA;numeric;NULL;NO;NULL
dbo;GA_OFI_OS_PRE_DEFINIDA_DET;ITE_ITEM;numeric;NULL;NO;NULL
dbo;GA_OFI_OS_SITUACAO;OS_SITUACAO;varchar;3;NO;NULL
dbo;GA_OFI_OS_SITUACAO;ABV_SITUACAO;varchar;100;NO;NULL
dbo;GA_OFI_OS_SITUACAO;DSC_SITUACAO;varchar;200;NO;NULL
dbo;GA_OFI_OS_SITUACAO;ROWID;uniqueidentifier;NULL;YES;(newid())
dbo;GA_OFI_OS_SITUACAO;COR_LETRA;varchar;15;YES;NULL
dbo;GA_OFI_OS_SITUACAO;COR_FUNDO;varchar;15;YES;NULL
dbo;GA_OFI_OS_SITUACAO;ORDEM;numeric;NULL;YES;NULL
dbo;GA_OFI_OS_SITUACAO;ORIGEM;varchar;10;YES;NULL
dbo;GA_OFI_OS_SITUACAO;OS_SITUACAO_DT_ENTRADA;varchar;4;YES;NULL
dbo;GA_OFI_OS_SITUACAO;EXIBE_BACKLOG;numeric;NULL;YES;NULL
dbo;GA_OFI_OS_SITUACAO_RELAC;SITUACAO_DE;varchar;4;NO;NULL
dbo;GA_OFI_OS_SITUACAO_RELAC;SITUACAO_PARA;varchar;4;NO;NULL
dbo;GA_OFI_OS_SITUACAO_RELAC;TABELA_DE;varchar;50;NO;NULL
dbo;GA_OFI_OS_SITUACAO_RELAC;TABELA_PARA;varchar;50;NO;NULL
dbo;GA_OFI_OS_SITUACAO_RELAC;CRIAR_SITUACAO;varchar;4;YES;NULL
dbo;GA_OFI_OS_SITUACAO_RELAC;MOT_OBRIGATORIO;numeric;NULL;YES;NULL
dbo;GA_OFI_OS_SITUACAO_RELAC;VALIDA_RECURSOS;numeric;NULL;YES;NULL
dbo;GA_OFI_OS_SITUACAO_RELAC;FAZ_INTEGRACAO;numeric;NULL;YES;NULL
dbo;GA_OFI_OS_SITUACAO_RELAC;VERIFICA_PLANEJAMENTO;numeric;NULL;YES;NULL
dbo;GA_OFI_OS_SITUACAO_RELAC;REMOVE_PROGRAMACAO;numeric;NULL;YES;NULL
dbo;GA_OFI_OS_SITUACAO_RELAC;VERIFICA_PLANEJADA;numeric;NULL;YES;NULL
dbo;GA_OFI_OS_TMP;COD_OS;numeric;NULL;NO;NULL
dbo;GA_OFI_OS_TMP;ROWID;uniqueidentifier;NULL;YES;(newid())
dbo;GA_OFI_PATIO;ID_PATIO;numeric;NULL;NO;NULL
dbo;GA_OFI_PATIO;COD_EQUIPAMENTO;varchar;15;YES;NULL
dbo;GA_OFI_PATIO;COD_FUNC_ENTRADA;numeric;NULL;YES;NULL
dbo;GA_OFI_PATIO;COD_FUNC_SAIDA;numeric;NULL;YES;NULL
dbo;GA_OFI_PATIO;COD_FUNC_PORTEIRO_ENT;numeric;NULL;NO;NULL
dbo;GA_OFI_PATIO;COD_FUNC_PORTEIRO_SAI;numeric;NULL;YES;NULL
dbo;GA_OFI_PATIO;DATA_ENTRADA;datetime;NULL;NO;NULL
dbo;GA_OFI_PATIO;DATA_SAIDA;datetime;NULL;YES;NULL
dbo;GA_OFI_PATIO;COD_DIVI1;varchar;10;YES;NULL
dbo;GA_OFI_PATIO;COD_DIVI2;varchar;10;YES;NULL
dbo;GA_OFI_PATIO;COD_EMPR;numeric;NULL;YES;NULL
dbo;GA_OFI_PATIO;SAF_ANO_SAFRA;numeric;NULL;YES;NULL
dbo;GA_OFI_PATIO;TIPO_PATIO;numeric;NULL;YES;NULL
dbo;GA_OFI_PATIO;ROWID;uniqueidentifier;NULL;YES;(newid())
dbo;GA_OFI_PATIO;OBSERVACAO;varchar;3000;YES;NULL
dbo;GA_OFI_PECAS;COD_PECA;varchar;10;NO;NULL
dbo;GA_OFI_PECAS;COD_EMPR;numeric;NULL;NO;NULL
dbo;GA_OFI_PECAS;DSC_PECA;varchar;50;YES;NULL
dbo;GA_OFI_PECAS;ABV_PECA;varchar;20;YES;NULL
dbo;GA_OFI_PECAS;COD_ALMOX;varchar;18;YES;NULL
dbo;GA_OFI_PECAS;PEC_TIPO_FAM;numeric;NULL;YES;NULL
dbo;GA_OFI_PECAS;MAT_ATIVO;varchar;1;YES;NULL
dbo;GA_OFI_PECAS;FLG_IMPORTA_PALM;varchar;1;YES;('N')
dbo;GA_OFI_PECAS;ROWID;uniqueidentifier;NULL;YES;(newid())
dbo;GA_OFI_PECAS;REQ_OS_CCUSTO;numeric;NULL;YES;NULL
dbo;GA_OFI_PECAS;FLG_APROVACAO;varchar;1;YES;NULL
dbo;GA_OFI_PECAS_PLA_SERV;ID_PEC_PLA_SERV;numeric;NULL;NO;NULL
dbo;GA_OFI_PECAS_PLA_SERV;ID_PLANO_SERV;numeric;NULL;YES;NULL
dbo;GA_OFI_PECAS_PLA_SERV;COD_PECA;varchar;10;YES;NULL
dbo;GA_OFI_PECAS_PLA_SERV;COD_EMPR;numeric;NULL;YES;NULL
dbo;GA_OFI_PECAS_PLA_SERV;ROWID;uniqueidentifier;NULL;YES;(newid())
dbo;GA_OFI_PECAS_REQUISIT;COD_OS;numeric;NULL;NO;NULL
dbo;GA_OFI_PECAS_REQUISIT;COD_PECA;varchar;10;NO;NULL
dbo;GA_OFI_PECAS_REQUISIT;ITE_ITEM;numeric;NULL;NO;NULL
dbo;GA_OFI_PECAS_REQUISIT;REQ_QTDE_REQUISITADA;numeric;NULL;NO;NULL
dbo;GA_OFI_PECAS_REQUISIT;REQ_DATA_REQUISICAO;datetime;NULL;YES;NULL
dbo;GA_OFI_PECAS_REQUISIT;REQ_DATA_ENTREGA;datetime;NULL;YES;NULL
dbo;GA_OFI_PECAS_REQUISIT;REQ_QTDE_ATENDIDA;numeric;NULL;YES;NULL
dbo;GA_OFI_PECAS_REQUISIT;COD_REQUISITANTE;varchar;15;YES;NULL
dbo;GA_OFI_PECAS_REQUISIT;REQ_NR_REQUISICAO;numeric;NULL;YES;NULL
dbo;GA_OFI_PECAS_REQUISIT;REQ_SEQ_REQUISICAO;numeric;NULL;YES;NULL
dbo;GA_OFI_PECAS_REQUISIT;REQ_CONTA;varchar;8;YES;NULL
dbo;GA_OFI_PECAS_REQUISIT;REQ_SUB_CONTA;varchar;8;YES;NULL
dbo;GA_OFI_PECAS_REQUISIT;REQ_CTA_CONTABIL;varchar;16;YES;NULL
dbo;GA_OFI_PECAS_REQUISIT;COD_EMPR;numeric;NULL;YES;NULL
dbo;GA_OFI_PECAS_REQUISIT;ROWID;uniqueidentifier;NULL;YES;(newid())
dbo;GA_OFI_PENDENCIA;PEN_DATA;datetime;NULL;NO;NULL
dbo;GA_OFI_PENDENCIA;COD_EQUIPAMENTO;varchar;15;YES;NULL
dbo;GA_OFI_PENDENCIA;PEN_DESCRICAO;varchar;200;NO;NULL
dbo;GA_OFI_PENDENCIA;PEN_STATUS;varchar;1;NO;NULL
dbo;GA_OFI_PENDENCIA;ROWID;uniqueidentifier;NULL;YES;(newid())
dbo;GA_OFI_PERIODOS;ID;numeric;NULL;NO;NULL
dbo;GA_OFI_PERIODOS;TIPO;numeric;NULL;YES;NULL
dbo;GA_OFI_PERIODOS;DATA_INI;datetime;NULL;YES;NULL
dbo;GA_OFI_PERIODOS;DATA_FIM;datetime;NULL;YES;NULL
dbo;GA_OFI_PERIODOS;STATUS;numeric;NULL;YES;NULL
dbo;GA_OFI_PERIODOS;ROWID;uniqueidentifier;NULL;YES;(newid())
dbo;GA_OFI_PLAN_OS;ID;numeric;NULL;NO;NULL
dbo;GA_OFI_PLAN_OS;COD_OS;numeric;NULL;NO;NULL
dbo;GA_OFI_PLAN_OS;COD_EMPR;numeric;NULL;NO;NULL
dbo;GA_OFI_PLAN_OS;COD_EQUIPAMENTO;varchar;15;YES;NULL
dbo;GA_OFI_PLAN_OS;COD_TIPO_AGREG;numeric;NULL;YES;NULL
dbo;GA_OFI_PLAN_OS;COD_AGREG;varchar;15;YES;NULL
dbo;GA_OFI_PLAN_OS;COD_CENTRO_CUSTO;varchar;15;YES;NULL
dbo;GA_OFI_PLAN_OS;COD_OFICINA;numeric;NULL;YES;NULL
dbo;GA_OFI_PLAN_OS;DATA_PLAN;datetime;NULL;YES;NULL
dbo;GA_OFI_PLAN_OS;ID_SECAO;numeric;NULL;YES;NULL
dbo;GA_OFI_PLAN_OS;OBSERVACAO;varchar;4000;YES;NULL
dbo;GA_OFI_PLAN_OS;TIPO;numeric;NULL;YES;NULL
dbo;GA_OFI_PLAN_OS;STATUS;numeric;NULL;YES;NULL
dbo;GA_OFI_PLAN_OS;ROWID;uniqueidentifier;NULL;YES;(newid())
dbo;GA_OFI_PLAN_OS;LAVAR_EQUIPAMENTO;numeric;NULL;YES;NULL
dbo;GA_OFI_PLAN_OS;USUARIO_ALTEROU;varchar;100;YES;NULL
dbo;GA_OFI_PLAN_OS;DATA_ALTEROU;datetime;NULL;YES;NULL
dbo;GA_OFI_PLAN_OS;ID_USUARIO_ABRIU;numeric;NULL;YES;NULL
dbo;GA_OFI_PLAN_OS;COD_FUNC_ABE;numeric;NULL;YES;NULL
dbo;GA_OFI_PLAN_OS;COD_MOTIVO;numeric;NULL;YES;NULL
dbo;GA_OFI_PLAN_OS;COD_AGENTE;numeric;NULL;YES;NULL
dbo;GA_OFI_PLAN_OS;DATA_PREV;datetime;NULL;YES;NULL
dbo;GA_OFI_PLAN_OS;ID_SS;numeric;NULL;YES;NULL
dbo;GA_OFI_PLAN_OS;OS_SITUACAO;varchar;4;YES;NULL
dbo;GA_OFI_PLAN_OS;VALIDADO;numeric;NULL;YES;NULL
dbo;GA_OFI_PLAN_OS_ITENS;ID;numeric;NULL;NO;NULL
dbo;GA_OFI_PLAN_OS_ITENS;ITE_ITEM;numeric;NULL;NO;NULL
dbo;GA_OFI_PLAN_OS_ITENS;ID_OS;numeric;NULL;NO;NULL
dbo;GA_OFI_PLAN_OS_ITENS;ID_ATIVIDADE;numeric;NULL;YES;NULL
dbo;GA_OFI_PLAN_OS_ITENS;ID_COMPL_ATIV;numeric;NULL;YES;NULL
dbo;GA_OFI_PLAN_OS_ITENS;ID_SISTEMA;numeric;NULL;YES;NULL
dbo;GA_OFI_PLAN_OS_ITENS;ID_COMPONENTE;numeric;NULL;YES;NULL
dbo;GA_OFI_PLAN_OS_ITENS;ID_COMPL_COMPO;numeric;NULL;YES;NULL
dbo;GA_OFI_PLAN_OS_ITENS;TPR_HORA;numeric;NULL;YES;NULL
dbo;GA_OFI_PLAN_OS_ITENS;HR_PREVISTO;numeric;NULL;YES;NULL
dbo;GA_OFI_PLAN_OS_ITENS;ID_SECAO;numeric;NULL;YES;NULL
dbo;GA_OFI_PLAN_OS_ITENS;ROWID;uniqueidentifier;NULL;YES;(newid())
dbo;GA_OFI_PLAN_OS_ITENS;COD_CRIT;numeric;NULL;YES;NULL
dbo;GA_OFI_PLAN_OS_ITENS;ITE_QTD_RECURSOS;numeric;NULL;YES;NULL
dbo;GA_OFI_PLAN_OS_ITENS;ID_CARGO;numeric;NULL;YES;NULL
dbo;GA_OFI_PLAN_OS_RECURSOS;ID;numeric;NULL;NO;NULL
dbo;GA_OFI_PLAN_OS_RECURSOS;ID_ITEM;numeric;NULL;NO;NULL
dbo;GA_OFI_PLAN_OS_RECURSOS;COD_PECA;varchar;10;YES;NULL
dbo;GA_OFI_PLAN_OS_RECURSOS;COD_FORNEC;varchar;10;YES;NULL
dbo;GA_OFI_PLAN_OS_RECURSOS;COD_EMPR;numeric;NULL;YES;NULL
dbo;GA_OFI_PLAN_OS_RECURSOS;QUANTIDADE;numeric;NULL;YES;NULL
dbo;GA_OFI_PLAN_OS_RECURSOS;VALOR_UNITARIO;numeric;NULL;YES;NULL
dbo;GA_OFI_PLAN_OS_RECURSOS;VALOR_TOTAL;numeric;NULL;YES;NULL
dbo;GA_OFI_PLAN_OS_RECURSOS;DATA;datetime;NULL;YES;NULL
dbo;GA_OFI_PLAN_OS_RECURSOS;OBSERVACAO;varchar;1000;YES;NULL
dbo;GA_OFI_PLAN_OS_RECURSOS;ID_SECAO;numeric;NULL;YES;NULL
dbo;GA_OFI_PLAN_OS_RECURSOS;TIPO;numeric;NULL;YES;NULL
dbo;GA_OFI_PLAN_OS_RECURSOS;ID_CARGO;numeric;NULL;YES;NULL
dbo;GA_OFI_PLAN_OS_RECURSOS;ROWID;uniqueidentifier;NULL;YES;(newid())
dbo;GA_OFI_PLAN_OS_RECURSOS;REPROVADO;numeric;NULL;YES;NULL
dbo;GA_OFI_PLAN_OS_RECURSOS;COD_ALMOX;varchar;18;YES;NULL
dbo;GA_OFI_PLAN_OS_RECURSOS;COD_DEPOS;varchar;14;YES;NULL
dbo;GA_OFI_PLAN_OS_RECURSOS;SALDO;numeric;NULL;YES;NULL
dbo;GA_OFI_PLAN_OS_RECURSOS;RESERVADO;numeric;NULL;YES;((0))
dbo;GA_OFI_PLANO_TESTE;ID;numeric;NULL;NO;NULL
dbo;GA_OFI_PLANO_TESTE;DESCRICAO;varchar;100;NO;NULL
dbo;GA_OFI_PLANO_TESTE;STATUS;numeric;NULL;NO;NULL
dbo;GA_OFI_PLANO_TESTE;COMENTARIO;varchar;100;YES;NULL
dbo;GA_OFI_PLANO_TESTE;ROWID;uniqueidentifier;NULL;YES;(newid())
dbo;GA_OFI_PLANO_TESTE_MODELO;COD_MODELO;numeric;NULL;NO;NULL
dbo;GA_OFI_PLANO_TESTE_MODELO;COD_VERSAO;numeric;NULL;NO;NULL
dbo;GA_OFI_PLANO_TESTE_MODELO;ID_PLANO;numeric;NULL;NO;NULL
dbo;GA_OFI_PLANO_TESTE_PERGUNTA;ID;numeric;NULL;NO;NULL
dbo;GA_OFI_PLANO_TESTE_PERGUNTA;ID_PLANO;numeric;NULL;NO;NULL
dbo;GA_OFI_PLANO_TESTE_PERGUNTA;PERGUNTA;varchar;4000;NO;NULL
dbo;GA_OFI_PLANO_TESTE_PERGUNTA;STATUS;numeric;NULL;NO;NULL
dbo;GA_OFI_PLANO_TESTE_PERGUNTA;ROWID;uniqueidentifier;NULL;YES;(newid())
dbo;GA_OFI_PLANO_TESTE_RESPOSTA;ID;numeric;NULL;NO;NULL
dbo;GA_OFI_PLANO_TESTE_RESPOSTA;ID_PERGUNTA;numeric;NULL;NO;NULL
dbo;GA_OFI_PLANO_TESTE_RESPOSTA;RESPOSTA;varchar;4000;NO;NULL
dbo;GA_OFI_PLANO_TESTE_RESPOSTA;MOT_OBRIGATORIO;numeric;NULL;NO;NULL
dbo;GA_OFI_PLANO_TESTE_RESPOSTA;ROWID;uniqueidentifier;NULL;YES;(newid())
dbo;GA_OFI_POV_CAL_PNE;ID_POV_CAL;numeric;NULL;NO;NULL
dbo;GA_OFI_POV_CAL_PNE;ID_MOV_PNEU;numeric;NULL;YES;NULL
dbo;GA_OFI_POV_CAL_PNE;FLG_STATUS;varchar;1;YES;NULL
dbo;GA_OFI_POV_CAL_PNE;PNE_NR_FOGO;varchar;15;YES;NULL
dbo;GA_OFI_POV_CAL_PNE;COD_EQUIPAMENTO;varchar;15;YES;NULL
dbo;GA_OFI_POV_CAL_PNE;ID_POSICAO;numeric;NULL;YES;NULL
dbo;GA_OFI_POV_CAL_PNE;COD_FUNC;numeric;NULL;YES;NULL
dbo;GA_OFI_POV_CAL_PNE;MOP_DATA_MOV;datetime;NULL;YES;NULL
dbo;GA_OFI_POV_CAL_PNE;MOP_DATA_MOV_FIM;datetime;NULL;YES;NULL
dbo;GA_OFI_POV_CAL_PNE;BAN_NR_SULCO;numeric;NULL;YES;NULL
dbo;GA_OFI_POV_CAL_PNE;BAN_PROF_SULCO;numeric;NULL;YES;NULL
dbo;GA_OFI_POV_CAL_PNE;APO_SULCO1;numeric;NULL;YES;NULL
dbo;GA_OFI_POV_CAL_PNE;APO_SULCO2;numeric;NULL;YES;NULL
dbo;GA_OFI_POV_CAL_PNE;APO_SULCO3;numeric;NULL;YES;NULL
dbo;GA_OFI_POV_CAL_PNE;APO_SULCO4;numeric;NULL;YES;NULL
dbo;GA_OFI_POV_CAL_PNE;APO_SULCO5;numeric;NULL;YES;NULL
dbo;GA_OFI_POV_CAL_PNE;APO_SULCO6;numeric;NULL;YES;NULL
dbo;GA_OFI_POV_CAL_PNE;APO_CALIB_ENCONT;numeric;NULL;YES;NULL
dbo;GA_OFI_POV_CAL_PNE;APO_CALIB_COLOC;numeric;NULL;YES;NULL
dbo;GA_OFI_POV_CAL_PNE;COD_EMPR;numeric;NULL;YES;NULL
dbo;GA_OFI_POV_CAL_PNE;ID_COLETOR;numeric;NULL;YES;NULL
dbo;GA_OFI_POV_CAL_PNE;DATA_IMPORTADO;datetime;NULL;YES;NULL
dbo;GA_OFI_POV_CAL_PNE;DATA_INTEGRADO;datetime;NULL;YES;NULL
dbo;GA_OFI_POV_CAL_PNE;USER_IMPORT;varchar;15;YES;NULL
dbo;GA_OFI_POV_CAL_PNE;USER_INTEG;varchar;15;YES;NULL
dbo;GA_OFI_POV_LOG_CALIB_PNE;ID_POV_CAL;numeric;NULL;YES;NULL
dbo;GA_OFI_POV_LOG_CALIB_PNE;OBS;varchar;400;YES;NULL
dbo;GA_OFI_POV_LOG_OS;ID_POV_OS;numeric;NULL;YES;NULL
dbo;GA_OFI_POV_LOG_OS;OBS;varchar;200;YES;NULL
dbo;GA_OFI_POV_LOG_OS;ROWID;uniqueidentifier;NULL;YES;(newid())
dbo;GA_OFI_POV_LOG_OS;COD_OS_OFI;numeric;NULL;YES;NULL
dbo;GA_OFI_POV_LOG_OS_ITENS;ID_POV_ITENS;numeric;NULL;YES;NULL
dbo;GA_OFI_POV_LOG_OS_ITENS;OBS;varchar;200;YES;NULL
dbo;GA_OFI_POV_LOG_OS_ITENS;ROWID;uniqueidentifier;NULL;YES;(newid())
dbo;GA_OFI_POV_LOG_OS_MEC;ID_POV_MEC;numeric;NULL;YES;NULL
dbo;GA_OFI_POV_LOG_OS_MEC;OBS;varchar;200;YES;NULL
dbo;GA_OFI_POV_LOG_OS_MEC;ROWID;uniqueidentifier;NULL;YES;(newid())
dbo;GA_OFI_POV_LOG_OS_PECAS;ID_POV_PECAS;numeric;NULL;YES;NULL
dbo;GA_OFI_POV_LOG_OS_PECAS;OBS;varchar;400;YES;NULL
dbo;GA_OFI_POV_LOG_OS_PECAS;ROWID;uniqueidentifier;NULL;YES;(newid())
dbo;GA_OFI_POV_OS;ID_POV_OS;numeric;NULL;NO;NULL
dbo;GA_OFI_POV_OS;COD_OS_POV;numeric;NULL;YES;NULL
dbo;GA_OFI_POV_OS;COD_OS_OFI;numeric;NULL;YES;NULL
dbo;GA_OFI_POV_OS;COD_CENTR_CUSTO;varchar;15;YES;NULL
dbo;GA_OFI_POV_OS;COD_EQUIPAMENTO;varchar;15;YES;NULL
dbo;GA_OFI_POV_OS;COD_TIPO_AGREG;numeric;NULL;YES;NULL
dbo;GA_OFI_POV_OS;COD_AGREG;varchar;15;YES;NULL
dbo;GA_OFI_POV_OS;COD_MOTIVO;numeric;NULL;YES;NULL
dbo;GA_OFI_POV_OS;COD_OFICINA;numeric;NULL;YES;NULL
dbo;GA_OFI_POV_OS;COD_AGENTE;numeric;NULL;YES;NULL
dbo;GA_OFI_POV_OS;OS_DT_ENTRADA;datetime;NULL;YES;NULL
dbo;GA_OFI_POV_OS;OS_DT_SAIDA;datetime;NULL;YES;NULL
dbo;GA_OFI_POV_OS;OS_MEDIDOR;numeric;NULL;YES;NULL
dbo;GA_OFI_POV_OS;COD_EMPR;numeric;NULL;YES;NULL
dbo;GA_OFI_POV_OS;OS_SITUACAO;varchar;1;YES;NULL
dbo;GA_OFI_POV_OS;COD_DIVI1;varchar;10;YES;NULL
dbo;GA_OFI_POV_OS;COD_DIVI2;numeric;NULL;YES;NULL
dbo;GA_OFI_POV_OS;PROJ_CODE;varchar;15;YES;NULL
dbo;GA_OFI_POV_OS;ID_POV;numeric;NULL;YES;NULL
dbo;GA_OFI_POV_OS;FLG_STATUS;varchar;1;YES;NULL
dbo;GA_OFI_POV_OS;DATA_IMPORTADO;datetime;NULL;YES;NULL
dbo;GA_OFI_POV_OS;DATA_INTEG;datetime;NULL;YES;NULL
dbo;GA_OFI_POV_OS;USER_IMPORT;varchar;30;YES;NULL
dbo;GA_OFI_POV_OS;USER_INTEG;varchar;30;YES;NULL
dbo;GA_OFI_POV_OS;COD_OS_DUPL;numeric;NULL;YES;NULL
dbo;GA_OFI_POV_OS;ID_POV_OS_DUPL;numeric;NULL;YES;NULL
dbo;GA_OFI_POV_OS;OS_PECAS_SEMEQP;varchar;1;YES;NULL
dbo;GA_OFI_POV_OS;ROWID;uniqueidentifier;NULL;YES;(newid())
dbo;GA_OFI_POV_OS;ID_COLETOR;numeric;NULL;YES;NULL
dbo;GA_OFI_POV_OS;OS_OPORTUNIDADE;varchar;1;YES;NULL
dbo;GA_OFI_POV_OS;OS_OBSERVACAO;varchar;4000;YES;NULL
dbo;GA_OFI_POV_OS;PULAR_VALIDACAO;numeric;NULL;YES;NULL
dbo;GA_OFI_POV_OS;OS_ORIGEM;varchar;3;YES;NULL
dbo;GA_OFI_POV_OS;OS_DIGITADO;numeric;NULL;YES;NULL
dbo;GA_OFI_POV_OS;ID_SECAO;numeric;NULL;YES;NULL
dbo;GA_OFI_POV_OS;PROJ_EMPR;numeric;NULL;YES;NULL
dbo;GA_OFI_POV_OS_ITENS;ID_POV_ITENS;numeric;NULL;NO;NULL
dbo;GA_OFI_POV_OS_ITENS;ID_POV_OS;numeric;NULL;YES;NULL
dbo;GA_OFI_POV_OS_ITENS;ITE_ITEM;numeric;NULL;YES;NULL
dbo;GA_OFI_POV_OS_ITENS;ID_ATIVIDADE;numeric;NULL;YES;NULL
dbo;GA_OFI_POV_OS_ITENS;ID_COMPL_ATIV;numeric;NULL;YES;NULL
dbo;GA_OFI_POV_OS_ITENS;ID_COMPONENTE;numeric;NULL;YES;NULL
dbo;GA_OFI_POV_OS_ITENS;ID_COMPL_COMPO;numeric;NULL;YES;NULL
dbo;GA_OFI_POV_OS_ITENS;ID_SISTEMA;numeric;NULL;YES;NULL
dbo;GA_OFI_POV_OS_ITENS;OBSERVACAO;varchar;100;YES;NULL
dbo;GA_OFI_POV_OS_ITENS;COD_EMPR;numeric;NULL;YES;NULL
dbo;GA_OFI_POV_OS_ITENS;DATA_ITEM;datetime;NULL;YES;NULL
dbo;GA_OFI_POV_OS_ITENS;FLG_STATUS;varchar;1;YES;NULL
dbo;GA_OFI_POV_OS_ITENS;DATA_IMPORTADO;datetime;NULL;YES;NULL
dbo;GA_OFI_POV_OS_ITENS;DATA_INTEG;datetime;NULL;YES;NULL
dbo;GA_OFI_POV_OS_ITENS;USER_IMPORT;varchar;30;YES;NULL
dbo;GA_OFI_POV_OS_ITENS;USER_INTEG;varchar;30;YES;NULL
dbo;GA_OFI_POV_OS_ITENS;COD_OS_OFI;numeric;NULL;YES;NULL
dbo;GA_OFI_POV_OS_ITENS;ITE_ITEM_OFI;numeric;NULL;YES;NULL
dbo;GA_OFI_POV_OS_ITENS;ROWID;uniqueidentifier;NULL;YES;(newid())
dbo;GA_OFI_POV_OS_ITENS;ID_COLETOR;numeric;NULL;YES;NULL
dbo;GA_OFI_POV_OS_ITENS;COD_AGENTE;numeric;NULL;YES;NULL
dbo;GA_OFI_POV_OS_ITENS;COD_MOTIVO;numeric;NULL;YES;NULL
dbo;GA_OFI_POV_OS_ITENS;OS_ORIGEM;varchar;3;YES;NULL
dbo;GA_OFI_POV_OS_ITENS;ID_SECAO;numeric;NULL;YES;NULL
dbo;GA_OFI_POV_OS_MEC_ITENS;ID_POV_MEC;numeric;NULL;NO;NULL
dbo;GA_OFI_POV_OS_MEC_ITENS;ID_POV_OS;numeric;NULL;YES;NULL
dbo;GA_OFI_POV_OS_MEC_ITENS;ID_POV_ITENS;numeric;NULL;YES;NULL
dbo;GA_OFI_POV_OS_MEC_ITENS;COD_FUNC;numeric;NULL;YES;NULL
dbo;GA_OFI_POV_OS_MEC_ITENS;COD_MOTIVO;numeric;NULL;YES;NULL
dbo;GA_OFI_POV_OS_MEC_ITENS;ID_FUNC_SECAO;numeric;NULL;YES;NULL
dbo;GA_OFI_POV_OS_MEC_ITENS;FIC_DATA_FICHA;datetime;NULL;NO;NULL
dbo;GA_OFI_POV_OS_MEC_ITENS;FIC_DATA_INICIO;datetime;NULL;YES;NULL
dbo;GA_OFI_POV_OS_MEC_ITENS;FIC_DATA_FIM;datetime;NULL;YES;NULL
dbo;GA_OFI_POV_OS_MEC_ITENS;OBSERVACAO;varchar;100;YES;NULL
dbo;GA_OFI_POV_OS_MEC_ITENS;COD_EMPR;numeric;NULL;YES;NULL
dbo;GA_OFI_POV_OS_MEC_ITENS;FLG_STATUS;varchar;1;YES;NULL
dbo;GA_OFI_POV_OS_MEC_ITENS;DATA_IMPORTADO;datetime;NULL;YES;NULL
dbo;GA_OFI_POV_OS_MEC_ITENS;DATA_INTEG;datetime;NULL;YES;NULL
dbo;GA_OFI_POV_OS_MEC_ITENS;USER_IMPORT;varchar;30;YES;NULL
dbo;GA_OFI_POV_OS_MEC_ITENS;USER_INTEG;varchar;30;YES;NULL
dbo;GA_OFI_POV_OS_MEC_ITENS;ID_MEC_ITENS;numeric;NULL;YES;NULL
dbo;GA_OFI_POV_OS_MEC_ITENS;ROWID;uniqueidentifier;NULL;YES;(newid())
dbo;GA_OFI_POV_OS_MEC_ITENS;ID_COLETOR;numeric;NULL;YES;NULL
dbo;GA_OFI_POV_OS_MEC_ITENS;LACUNA;varchar;1;YES;NULL
dbo;GA_OFI_POV_OS_MEC_ITENS;COD_OS;numeric;NULL;YES;NULL
dbo;GA_OFI_POV_OS_MEC_ITENS;COD_EQUIPAMENTO;varchar;15;YES;NULL
dbo;GA_OFI_POV_OS_MEC_ITENS;ID_ATIVIDADE;numeric;NULL;YES;NULL
dbo;GA_OFI_POV_OS_MEC_ITENS;ID_COMPL_ATIV;numeric;NULL;YES;NULL
dbo;GA_OFI_POV_OS_MEC_ITENS;ID_COMPONENTE;numeric;NULL;YES;NULL
dbo;GA_OFI_POV_OS_MEC_ITENS;ID_COMPL_COMPO;numeric;NULL;YES;NULL
dbo;GA_OFI_POV_OS_MEC_ITENS;ID_SISTEMA;numeric;NULL;YES;NULL
dbo;GA_OFI_POV_OS_MEC_ITENS;OS_ORIGEM;varchar;3;YES;NULL
dbo;GA_OFI_POV_OS_MEC_ITENS;ALTERA_OS_DT_SAIDA;numeric;NULL;YES;NULL
dbo;GA_OFI_POV_OS_PECAS;ID_POV_PECAS;numeric;NULL;NO;NULL
dbo;GA_OFI_POV_OS_PECAS;ID_POV_OS;numeric;NULL;YES;NULL
dbo;GA_OFI_POV_OS_PECAS;ID_POV_ITENS;numeric;NULL;YES;NULL
dbo;GA_OFI_POV_OS_PECAS;COD_PECA;varchar;10;YES;NULL
dbo;GA_OFI_POV_OS_PECAS;PEC_QTDE;numeric;NULL;YES;NULL
dbo;GA_OFI_POV_OS_PECAS;OBSERVACAO;varchar;100;YES;NULL
dbo;GA_OFI_POV_OS_PECAS;COD_EMPR;numeric;NULL;YES;NULL
dbo;GA_OFI_POV_OS_PECAS;DATA_PEC;datetime;NULL;YES;NULL
dbo;GA_OFI_POV_OS_PECAS;FLG_STATUS;varchar;1;YES;NULL
dbo;GA_OFI_POV_OS_PECAS;DATA_IMPORTADO;datetime;NULL;YES;NULL
dbo;GA_OFI_POV_OS_PECAS;DATA_INTEG;datetime;NULL;YES;NULL
dbo;GA_OFI_POV_OS_PECAS;USER_IMPORT;varchar;30;YES;NULL
dbo;GA_OFI_POV_OS_PECAS;USER_INTEG;varchar;30;YES;NULL
dbo;GA_OFI_POV_OS_PECAS;COD_ALMOX;varchar;30;YES;NULL
dbo;GA_OFI_POV_OS_PECAS;COD_CENTR_CUSTO;varchar;20;YES;NULL
dbo;GA_OFI_POV_OS_PECAS;ID_CHAVE;numeric;NULL;YES;NULL
dbo;GA_OFI_POV_OS_PECAS;ID_OS_PECAS;numeric;NULL;YES;NULL
dbo;GA_OFI_POV_OS_PECAS;JUSTIF_ALTERACAO;varchar;4000;YES;NULL
dbo;GA_OFI_POV_OS_PECAS;USER_ALTERA;varchar;30;YES;NULL
dbo;GA_OFI_POV_OS_PECAS;ROWID;uniqueidentifier;NULL;YES;(newid())
dbo;GA_OFI_POV_OS_PECAS;ID_COLETOR;numeric;NULL;YES;NULL
dbo;GA_OFI_POV_OS_PECAS;ID_POV_MEC;numeric;NULL;YES;NULL
dbo;GA_OFI_POV_OS_PECAS;COD_EMPR_ERP;varchar;2;YES;NULL
dbo;GA_OFI_PROJETO;PROJ_CODE;varchar;15;NO;NULL
dbo;GA_OFI_PROJETO;PROJ_EMPR;numeric;NULL;NO;NULL
dbo;GA_OFI_PROJETO;PROJ_DESC;varchar;50;NO;NULL
dbo;GA_OFI_PROJETO;PROJ_DATA_INIC;datetime;NULL;NO;NULL
dbo;GA_OFI_PROJETO;PROJ_DATA_TERM;datetime;NULL;NO;NULL
dbo;GA_OFI_PROJETO;ROWID;uniqueidentifier;NULL;YES;(newid())
dbo;GA_OFI_REQ_COMPRA;REC_REQUISICAO;numeric;NULL;NO;NULL
dbo;GA_OFI_REQ_COMPRA;COD_EQUIPAMENTO;varchar;15;YES;NULL
dbo;GA_OFI_REQ_COMPRA;COD_CENTR_CUSTO;char;15;YES;NULL
dbo;GA_OFI_REQ_COMPRA;DEP_CODIGO;numeric;NULL;YES;NULL
dbo;GA_OFI_REQ_COMPRA;REC_DATA;datetime;NULL;YES;NULL
dbo;GA_OFI_REQ_COMPRA;REC_ATIVIDADE;varchar;1;YES;NULL
dbo;GA_OFI_REQ_COMPRA;REC_PRAZO;varchar;1;YES;NULL
dbo;GA_OFI_REQ_COMPRA;REC_PRAZO_DIAS;varchar;2;YES;NULL
dbo;GA_OFI_REQ_COMPRA;REC_ESTOQUE;varchar;1;YES;NULL
dbo;GA_OFI_REQ_COMPRA;REC_JUSTIFICATIVA;varchar;100;YES;NULL
dbo;GA_OFI_REQ_COMPRA;REC_APLICACAO;varchar;20;YES;NULL
dbo;GA_OFI_REQ_COMPRA;COD_OS;numeric;NULL;YES;NULL
dbo;GA_OFI_REQ_COMPRA;ROWID;uniqueidentifier;NULL;YES;(newid())
dbo;GA_OFI_REQ_COMPRA_ITEM;REC_REQUISICAO;numeric;NULL;NO;NULL
dbo;GA_OFI_REQ_COMPRA_ITEM;REC_ITEM;numeric;NULL;YES;NULL
dbo;GA_OFI_REQ_COMPRA_ITEM;REC_QUANTIDADE;numeric;NULL;YES;NULL
dbo;GA_OFI_REQ_COMPRA_ITEM;REC_DESCRICAO;varchar;50;YES;NULL
dbo;GA_OFI_REQ_COMPRA_ITEM;REC_OBSERVACOES;varchar;50;YES;NULL
dbo;GA_OFI_SOLIC_SERV;ID;numeric;NULL;NO;NULL
dbo;GA_OFI_SOLIC_SERV;COD_OS;numeric;NULL;NO;NULL
dbo;GA_OFI_SOLIC_SERV;COD_EMPR;numeric;NULL;NO;NULL
dbo;GA_OFI_SOLIC_SERV;COD_EQUIPAMENTO;varchar;15;YES;NULL
dbo;GA_OFI_SOLIC_SERV;COD_TIPO_AGREG;numeric;NULL;YES;NULL
dbo;GA_OFI_SOLIC_SERV;COD_AGREG;varchar;15;YES;NULL
dbo;GA_OFI_SOLIC_SERV;COD_CENTRO_CUSTO;varchar;15;YES;NULL
dbo;GA_OFI_SOLIC_SERV;COD_OFICINA;numeric;NULL;YES;NULL
dbo;GA_OFI_SOLIC_SERV;DATA_PLAN;datetime;NULL;YES;NULL
dbo;GA_OFI_SOLIC_SERV;ID_SECAO;numeric;NULL;YES;NULL
dbo;GA_OFI_SOLIC_SERV;OBSERVACAO;varchar;4000;YES;NULL
dbo;GA_OFI_SOLIC_SERV;TIPO;numeric;NULL;YES;NULL
dbo;GA_OFI_SOLIC_SERV;OS_SITUACAO;varchar;3;YES;NULL
dbo;GA_OFI_SOLIC_SERV;USUARIO_ALTEROU;varchar;100;YES;NULL
dbo;GA_OFI_SOLIC_SERV;DATA_ALTEROU;datetime;NULL;YES;NULL
dbo;GA_OFI_SOLIC_SERV;ID_USUARIO_ABRIU;numeric;NULL;YES;NULL
dbo;GA_OFI_SOLIC_SERV;COD_FUNC_ABE;numeric;NULL;YES;NULL
dbo;GA_OFI_SOLIC_SERV;COD_MOTIVO;numeric;NULL;YES;NULL
dbo;GA_OFI_SOLIC_SERV;COD_AGENTE;numeric;NULL;YES;NULL
dbo;GA_OFI_SOLIC_SERV;ROWID;uniqueidentifier;NULL;YES;(newid())
dbo;GA_OFI_SOLIC_SERV;VALIDADO;numeric;NULL;YES;NULL
dbo;GA_OFI_SOLIC_SERV_ITENS;ID;numeric;NULL;NO;NULL
dbo;GA_OFI_SOLIC_SERV_ITENS;ITE_ITEM;numeric;NULL;NO;NULL
dbo;GA_OFI_SOLIC_SERV_ITENS;ID_OS;numeric;NULL;NO;NULL
dbo;GA_OFI_SOLIC_SERV_ITENS;ID_ATIVIDADE;numeric;NULL;YES;NULL
dbo;GA_OFI_SOLIC_SERV_ITENS;ID_COMPL_ATIV;numeric;NULL;YES;NULL
dbo;GA_OFI_SOLIC_SERV_ITENS;ID_SISTEMA;numeric;NULL;YES;NULL
dbo;GA_OFI_SOLIC_SERV_ITENS;ID_COMPONENTE;numeric;NULL;YES;NULL
dbo;GA_OFI_SOLIC_SERV_ITENS;ID_COMPL_COMPO;numeric;NULL;YES;NULL
dbo;GA_OFI_SOLIC_SERV_ITENS;TPR_HORA;numeric;NULL;YES;NULL
dbo;GA_OFI_SOLIC_SERV_ITENS;HR_PREVISTO;numeric;NULL;YES;NULL
dbo;GA_OFI_SOLIC_SERV_ITENS;ID_SECAO;numeric;NULL;YES;NULL
dbo;GA_OFI_SOLIC_SERV_ITENS;ITE_CHECK;numeric;NULL;YES;NULL
dbo;GA_OFI_SOLIC_SERV_ITENS;ID_OS_ORIGEM;numeric;NULL;YES;NULL
dbo;GA_OFI_SOLIC_SERV_ITENS;ID_OS_DESTINO;numeric;NULL;YES;NULL
dbo;GA_OFI_SOLIC_SERV_ITENS;ITE_STATUS;varchar;1;YES;NULL
dbo;GA_OFI_SOLIC_SERV_ITENS;ROWID;uniqueidentifier;NULL;YES;(newid())
dbo;GA_OFI_SOLIC_SERV_ITENS;COD_CRIT;numeric;NULL;YES;NULL
dbo;GA_OFI_SOLIC_SERV_ITENS;ITE_QTD_RECURSOS;numeric;NULL;YES;NULL
dbo;GA_OFI_TIPO_AGREGADO;COD_TIPO_AGREG;numeric;NULL;NO;NULL
dbo;GA_OFI_TIPO_AGREGADO;ID_SISTEMA;numeric;NULL;YES;NULL
dbo;GA_OFI_TIPO_AGREGADO;DSC_TIPO_AGREG;varchar;50;YES;NULL
dbo;GA_OFI_TIPO_AGREGADO;ABV_TIPO_AGREG;varchar;20;YES;NULL
dbo;GA_OFI_TIPO_AGREGADO;ROWID;uniqueidentifier;NULL;YES;(newid())
dbo;GA_OFI_TPR;TPR_ID;numeric;NULL;NO;NULL
dbo;GA_OFI_TPR;COD_MODELO;numeric;NULL;NO;NULL
dbo;GA_OFI_TPR;COD_VERSAO;numeric;NULL;NO;NULL
dbo;GA_OFI_TPR;TPR_CONSISTE_COMP;varchar;1;NO;NULL
dbo;GA_OFI_TPR;ROWID;uniqueidentifier;NULL;YES;(newid())
dbo;GA_OFI_TPR;COD_CRIT;numeric;NULL;YES;NULL
dbo;GA_OFI_TPR_FERRAMENTAS;ID;numeric;NULL;NO;NULL
dbo;GA_OFI_TPR_FERRAMENTAS;TPR_ID;numeric;NULL;NO;NULL
dbo;GA_OFI_TPR_FERRAMENTAS;TPR_ITEM;numeric;NULL;NO;NULL
dbo;GA_OFI_TPR_FERRAMENTAS;COD_FERMT;varchar;10;YES;NULL
dbo;GA_OFI_TPR_FERRAMENTAS;COD_EMPR;numeric;NULL;YES;NULL
dbo;GA_OFI_TPR_FERRAMENTAS;COD_UNID;varchar;10;YES;NULL
dbo;GA_OFI_TPR_FERRAMENTAS;QUANTIDADE;numeric;NULL;YES;NULL
dbo;GA_OFI_TPR_FERRAMENTAS;ROWID;uniqueidentifier;NULL;YES;(newid())
dbo;GA_OFI_TPR_HABILIDADES;ID;numeric;NULL;NO;NULL
dbo;GA_OFI_TPR_HABILIDADES;TPR_ID;numeric;NULL;NO;NULL
dbo;GA_OFI_TPR_HABILIDADES;TPR_ITEM;numeric;NULL;NO;NULL
dbo;GA_OFI_TPR_HABILIDADES;ID_HABILIDADE;numeric;NULL;NO;NULL
dbo;GA_OFI_TPR_HABILIDADES;ROWID;uniqueidentifier;NULL;YES;(newid())
dbo;GA_OFI_TPR_ITENS;TPR_ID;numeric;NULL;NO;NULL
dbo;GA_OFI_TPR_ITENS;TPR_ITEM;numeric;NULL;NO;NULL
dbo;GA_OFI_TPR_ITENS;ID_ATIVIDADE;numeric;NULL;NO;NULL
dbo;GA_OFI_TPR_ITENS;ID_COMPL_ATIV;numeric;NULL;YES;NULL
dbo;GA_OFI_TPR_ITENS;ID_COMPONENTE;numeric;NULL;NO;NULL
dbo;GA_OFI_TPR_ITENS;ID_COMPL_COMPO;numeric;NULL;YES;NULL
dbo;GA_OFI_TPR_ITENS;ID_SISTEMA;numeric;NULL;NO;NULL
dbo;GA_OFI_TPR_ITENS;TPR_HORA;numeric;NULL;NO;NULL
dbo;GA_OFI_TPR_ITENS;TPR_ATIVO;numeric;NULL;NO;NULL
dbo;GA_OFI_TPR_ITENS;ID_SECAO;numeric;NULL;NO;NULL
dbo;GA_OFI_TPR_ITENS;ROWID;uniqueidentifier;NULL;YES;(newid())
dbo;GA_OFI_TPR_ITENS;TPR_MOV_PNEU;numeric;NULL;YES;NULL
dbo;GA_OFI_TPR_ITENS;ID_CARGO;numeric;NULL;YES;NULL
dbo;GA_OFI_TPR_ITENS;TPR_DESC_SERVICO;varchar;4000;YES;NULL
dbo;GA_OFI_TPR_ITENS;TPR_TIPO_MANUT;numeric;NULL;YES;NULL
dbo;GA_OFI_TPR_ITENS;TPR_DIAS_RETRAB;numeric;NULL;YES;NULL
dbo;GA_OFI_TPR_ITENS;COD_CRIT;numeric;NULL;YES;NULL
dbo;GA_OFI_TPR_ITENS;ID_PLANO_TESTE;numeric;NULL;YES;NULL
dbo;GA_OFI_TPR_ITENS;TPR_QTD_RECURSOS;numeric;NULL;YES;NULL
dbo;GA_OFI_TRP_RECURSOS;ID;numeric;NULL;NO;NULL
dbo;GA_OFI_TRP_RECURSOS;TPR_ID;numeric;NULL;NO;NULL
dbo;GA_OFI_TRP_RECURSOS;TPR_ITEM;numeric;NULL;NO;NULL
dbo;GA_OFI_TRP_RECURSOS;COD_PECA;varchar;10;YES;NULL
dbo;GA_OFI_TRP_RECURSOS;COD_EMPR;numeric;NULL;YES;NULL
dbo;GA_OFI_TRP_RECURSOS;QUANTIDADE;numeric;NULL;YES;NULL
dbo;GA_OFI_TRP_RECURSOS;TIPO;numeric;NULL;YES;NULL
dbo;GA_OFI_TURNOS;COD_TURNO;numeric;NULL;NO;NULL
dbo;GA_OFI_TURNOS;TUR_HR_INI;datetime;NULL;NO;NULL
dbo;GA_OFI_TURNOS;TUR_HR_FIM;datetime;NULL;NO;NULL
dbo;GA_OFI_TURNOS;IND_STATUS;numeric;NULL;YES;NULL
dbo;GA_OFI_TURNOS;COD_EMPR;numeric;NULL;NO;NULL
dbo;GA_OFI_TURNOS;ROWID;uniqueidentifier;NULL;YES;(newid())
dbo;GA_OFI_USU_OS_LIBE;ID_USUARIO;numeric;NULL;YES;NULL
dbo;GA_OFI_USU_OS_LIBE;USU_LIBERA_OS;numeric;NULL;YES;NULL
dbo;GA_OFI_USU_OS_LIBE;USU_FECHA_OS;numeric;NULL;YES;NULL
dbo;GA_OFI_USU_OS_LIBE;ROWID;uniqueidentifier;NULL;YES;(newid())
dbo;GA_OFI_USU_OS_LIBE;USU_COMUNICA_OS;numeric;NULL;YES;NULL
dbo;GA_OS_CONFIG;ID_CONFIG;numeric;NULL;YES;NULL
dbo;GA_OS_CONFIG;CON_LANC_AREA;varchar;1;YES;NULL
dbo;GA_OS_CONFIG;CON_USA_REDE;varchar;1;YES;NULL
dbo;GA_OS_CONFIG;CON_DESC_D1;numeric;NULL;YES;NULL
dbo;GA_OS_CONFIG;CON_DESC_D2;numeric;NULL;YES;NULL
dbo;GA_OS_CONFIG;CON_DESC_D3;numeric;NULL;YES;NULL
dbo;GA_OS_CONFIG;CON_DIG_CONT;numeric;NULL;YES;NULL
dbo;GA_OS_CONFIG;CON_ULT_OS_GERADA;numeric;NULL;YES;NULL
dbo;GA_OS_CONFIG;CON_TIPO_AREA;varchar;1;YES;NULL
dbo;GA_OS_CONFIG;ROWID;uniqueidentifier;NULL;YES;(newid())
