FK_AGREGADOS__FAMILIA;GA_AGD_AGREGADOS;COD_CLASSE_AGREG;GA_AGD_CLASSE_AGREGADO;COD_CLASSE_AGREG
FK_AGREGADOS__SITUACAO;GA_AGD_AGREGADOS;COD_SITUACAO;GA_AGD_SITUACAO;COD_SITUACAO
FK_AGREGADOS__EQUIPAMENTOS;GA_AGD_AGREGADOS;COD_EQUIPAMENTO;GA_EQP_EQUIPAMENTO;COD_EQUIPAMENTO
FK_GA_AGD_C_REFERENCE_GA_EQP_C;GA_AGD_CLASSE_AGREGADO;ID_COMPONENTE;GA_EQP_COMPONENTE;ID_COMPONENTE
FK_GA_AGD_C_FK_GA_AGD_GA_EQP_S;GA_AGD_CLASSE_AGREGADO;ID_SISTEMA;GA_EQP_SISTEMA;ID_SISTEMA
FK_GA_AGD_CV__AGD_CLASSE;GA_AGD_CLASSE_VARIAVEL;COD_CLASSE_AGREG;GA_AGD_CLASSE_AGREGADO;COD_CLASSE_AGREG
FK_GA_AGD_C_FK_GA_AGD_GA_AGD_C;GA_AGD_CONF_EQUIP;COD_CLASSE_AGREG;GA_AGD_CLASSE_AGREGADO;COD_CLASSE_AGREG
FK_CONF_EQUIP_EQUIPAMENTO;GA_AGD_CONF_EQUIP;COD_EQUIPAMENTO;GA_EQP_EQUIPAMENTO;COD_EQUIPAMENTO
FK_CONFIG_MAT_ROD_AGREGADOS;GA_AGD_CONFIG_MAT_ROD;COD_CLASSE_AGREG;GA_AGD_AGREGADOS;COD_CLASSE_AGREG
FK_CONFIG_MAT_ROD_AGREGADOS;GA_AGD_CONFIG_MAT_ROD;AGD_CODIGO;GA_AGD_AGREGADOS;AGD_CODIGO
FK_DESENHO_POS__DESENHO_DIAG;GA_AGD_DESENHO_POS;COD_DIAGRAMA;GA_AGD_DESENHO_DIAG;COD_DIAGRAMA
FK_DESENHO_POS__DESENHO_DIAG;GA_AGD_DESENHO_POS;ID_IMAGEM;GA_AGD_DESENHO_DIAG;ID_IMAGEM
FK_ENVIO__LOTE_AGREGADOS;GA_AGD_ENVIO;COD_EMPR;GA_AGD_LOTE_AGREGADOS;COD_EMPR
FK_ENVIO__LOTE_AGREGADOS;GA_AGD_ENVIO;NR_DOCUME;GA_AGD_LOTE_AGREGADOS;NR_DOCUME
FK_ENVIO__LOTE_AGREGADOS;GA_AGD_ENVIO;AGD_CODIGO;GA_AGD_LOTE_AGREGADOS;AGD_CODIGO
FK_ENVIO__LOTE_AGREGADOS;GA_AGD_ENVIO;COD_CLASSE_AGREG;GA_AGD_LOTE_AGREGADOS;COD_CLASSE_AGREG
FK_ENVIO__OFI_OS;GA_AGD_ENVIO;COD_OS;GA_OFI_OS;COD_OS
FK_GA_AGD_E_FK_GA_AGD_GA_AGD_A;GA_AGD_EQUIP_POSIC_AGD;AGD_CODIGO;GA_AGD_AGREGADOS;AGD_CODIGO
FK_EQUIP_POSIC__AGREGADOS;GA_AGD_EQUIP_POSIC_AGD;AGD_CODIGO;GA_AGD_AGREGADOS;AGD_CODIGO
FK_GA_AGD_E_FK_GA_AGD_GA_AGD_A;GA_AGD_EQUIP_POSIC_AGD;COD_CLASSE_AGREG;GA_AGD_AGREGADOS;COD_CLASSE_AGREG
FK_EQUIP_POSIC__AGREGADOS;GA_AGD_EQUIP_POSIC_AGD;COD_CLASSE_AGREG;GA_AGD_AGREGADOS;COD_CLASSE_AGREG
FK_GA_AGD_E_REFERENCE_GA_AGD_C;GA_AGD_EQUIP_POSIC_AGD;ID_DES_POS;GA_AGD_CONF_EQUIP;ID_DES_POS
FK_EQUIP_POSIC__EQUIPAMENTO;GA_AGD_EQUIP_POSIC_AGD;COD_EQUIPAMENTO;GA_EQP_EQUIPAMENTO;COD_EQUIPAMENTO
FK_FIC_VAR__VAR;GA_AGD_FICHA_VARIAVEL;ID_VARIAVEL;GA_AGD_VARIAVEL;ID_VARIAVEL
FK_FOTOS_INTERNAS__FIC_FOTO;GA_AGD_FOTOS_INTERNAS;COD_EMPR;GA_AGD_FICHA_FOTO;COD_EMPR
FK_FOTOS_INTERNAS__FIC_FOTO;GA_AGD_FOTOS_INTERNAS;ID_FOTO;GA_AGD_FICHA_FOTO;ID_FOTO
FK_FOTOS_INTERNAS__FIC_FOTO;GA_AGD_FOTOS_INTERNAS;ID_FAMILIA;GA_AGD_FICHA_FOTO;ID_FAMILIA
FK_FOTOS_INTERNAS__FIC_FOTO;GA_AGD_FOTOS_INTERNAS;ID_FICHA;GA_AGD_FICHA_FOTO;ID_FICHA
FK_FOTOS_INTERNAS__FIC_FOTO;GA_AGD_FOTOS_INTERNAS;FOT_CAMINHO;GA_AGD_FICHA_FOTO;FOT_CAMINHO
FK_LOTE_AGREGAGOS__AGREGADOS;GA_AGD_LOTE_AGREGADOS;COD_CLASSE_AGREG;GA_AGD_AGREGADOS;COD_CLASSE_AGREG
FK_GA_AGD_L_REFERENCE_GA_AGD_A;GA_AGD_LOTE_AGREGADOS;COD_CLASSE_AGREG;GA_AGD_AGREGADOS;COD_CLASSE_AGREG
FK_GA_AGD_L_REFERENCE_GA_AGD_A;GA_AGD_LOTE_AGREGADOS;AGD_CODIGO;GA_AGD_AGREGADOS;AGD_CODIGO
FK_LOTE_AGREGAGOS__AGREGADOS;GA_AGD_LOTE_AGREGADOS;AGD_CODIGO;GA_AGD_AGREGADOS;AGD_CODIGO
FK_LOTE_AGD__LOTE_REFORMA;GA_AGD_LOTE_AGREGADOS;NR_DOCUME;GA_AGD_LOTE_REFORMA;NR_DOCUME
FK_LOTE_AGD__LOTE_REFORMA;GA_AGD_LOTE_AGREGADOS;COD_EMPR;GA_AGD_LOTE_REFORMA;COD_EMPR
FK_MOVAGD__LOTAGD;GA_AGD_LOTE_AGREGADOS;ID_MOV_AGD_RET;GA_AGD_MOV_AGD;ID_MOV_AGD
FK_GA_AGD_L_REFERENCE_GA_AGD_M;GA_AGD_LOTE_AGREGADOS;ID_MOV_AGD;GA_AGD_MOV_AGD;ID_MOV_AGD
FK_AGD_MODELO__FABRIC;GA_AGD_MODELO;ID_FABRIC;GA_EQP_FABRICANTE;ID_FABRIC
FK_MODELO_CARAC_CARACTERISTICA;GA_AGD_MODELO_CARAC;COD_CARAC;GA_AGD_CARACTERISTICA;COD_CARAC
FK_MODELO_CARAC_MODELO_MAT_ROD;GA_AGD_MODELO_CARAC;COD_MODELO_MATROD;GA_AGD_MODELO_MAT_ROD;COD_MODELO_MATROD
FK_GA_AGD_MODELO_COMP_MODELO;GA_AGD_MODELO_COMPONENTE;COD_MODELO;GA_AGD_MODELO;COD_MODELO
FK_GA_AGD_MODELO_COMP_MODELO;GA_AGD_MODELO_COMPONENTE;COD_CLASSE_AGREG;GA_AGD_MODELO;COD_CLASSE_AGREG
FK_GA_AGD_MODELO_COMPONENTE;GA_AGD_MODELO_COMPONENTE;ID_COMPONENTE;GA_EQP_COMPONENTE;ID_COMPONENTE
FK_GA_AGD_M_R__GA_AGD_C;GA_AGD_MODELO_MAT_ROD;COD_CLASSE_AGREG;GA_AGD_CLASSE_AGREGADO;COD_CLASSE_AGREG
FK_GA_AGD_M_FK_GA_AGD_GA_AGD_M;GA_AGD_MODELO_VARIAVEL;COD_CLASSE_AGREG;GA_AGD_MODELO;COD_CLASSE_AGREG
FK_GA_AGD_M_FK_GA_AGD_GA_AGD_M;GA_AGD_MODELO_VARIAVEL;COD_MODELO;GA_AGD_MODELO;COD_MODELO
FK_GA_AGD_M_REFERENCE_GA_AGD_V;GA_AGD_MODELO_VARIAVEL;ID_VARIAVEL;GA_AGD_VARIAVEL;ID_VARIAVEL
FK_MOV_AGD__AGE_CAUSADOR;GA_AGD_MOV_AGD;COD_AGE_CAUSADOR;GA_AGD_AGE_CAUSADOR;COD_AGE_CAUSADOR
FK_MOV_AGD__AGREGADOS;GA_AGD_MOV_AGD;COD_CLASSE_AGREG;GA_AGD_AGREGADOS;COD_CLASSE_AGREG
FK_MOV_AGD__AGREGADOS;GA_AGD_MOV_AGD;AGD_CODIGO;GA_AGD_AGREGADOS;AGD_CODIGO
FK_GA_AGD_M_REFERENCE_GA_AGD_C;GA_AGD_MOV_AGD;ID_DES_POS;GA_AGD_CONF_EQUIP;ID_DES_POS
FK_GA_AGD_M_FK_GA_AGD_GA_AGD_L;GA_AGD_MOV_AGD;COD_LOCAL;GA_AGD_LOCAL;COD_LOCAL
FK_MOV_AGD__MOT_RETIRADA;GA_AGD_MOV_AGD;COD_RETIRADA;GA_AGD_MOT_RETIRADA;COD_RETIRADA
FK_MOV_AGD__AGD_MOT_RETIRADA;GA_AGD_MOV_AGD;COD_RETIRADA;GA_AGD_MOT_RETIRADA;COD_RETIRADA
FK_MOV_AGD__EQUIPAMENTO;GA_AGD_MOV_AGD;COD_EQUIPAMENTO;GA_EQP_EQUIPAMENTO;COD_EQUIPAMENTO
UNI_MEDIDA__MOV_AGD;GA_AGD_MOV_AGD;COD_UNIDA;GA_EQP_UNI_MEDIDA;COD_UNIDA
FK_GA_AGD_M_FK_GA_AGD_GA_EQP_U;GA_AGD_MOV_AGD;COD_UNIDA;GA_EQP_UNI_MEDIDA;COD_UNIDA
AGD_ELIMINACAO__MOV_ELIM;GA_AGD_MOV_ELIM;COD_MOT_ELIM;GA_AGD_MOT_ELIMINACAO;COD_MOT_ELIM
FK_GA_AGD_M_REFERENCE_GA_AGD_M;GA_AGD_MOV_ELIM;ID_MOV_AGD;GA_AGD_MOV_AGD;ID_MOV_AGD
EQUIP_MOV_MEDICAO;GA_AGD_MOV_MEDICAO;COD_EQUIPAMENTO;GA_EQP_EQUIPAMENTO;COD_EQUIPAMENTO
OS_MOV_MEDICAO;GA_AGD_MOV_MEDICAO;COD_OS;GA_OFI_OS;COD_OS
OS_ITE_MOV_MEDICAO;GA_AGD_MOV_MEDICAO;COD_OS;GA_OFI_OS_ITENS;COD_OS
OS_ITE_MOV_MEDICAO;GA_AGD_MOV_MEDICAO;ITE_ITEM;GA_OFI_OS_ITENS;ITE_ITEM
FK_AGREGADO_MOV_MEDICAO_ITENS;GA_AGD_MOV_MEDICAO_ITENS;AGD_CODIGO;GA_AGD_AGREGADOS;AGD_CODIGO
FK_AGREGADO_MOV_MEDICAO_ITENS;GA_AGD_MOV_MEDICAO_ITENS;COD_CLASSE_AGREG;GA_AGD_AGREGADOS;COD_CLASSE_AGREG
FK_MEDICAO_MOV_MEDICAO_ITENS;GA_AGD_MOV_MEDICAO_ITENS;ID_MOV;GA_AGD_MOV_MEDICAO;ID_MOV
FK_COMPONENTE_MOV_MEDICAO_IT;GA_AGD_MOV_MEDICAO_ITENS;ID_COMPONENTE;GA_EQP_COMPONENTE;ID_COMPONENTE
FK_REFORMA_PECAS__LOTE_AGD;GA_AGD_REFORMA_PECAS;AGD_CODIGO;GA_AGD_LOTE_AGREGADOS;AGD_CODIGO
FK_REFORMA_PECAS__LOTE_AGD;GA_AGD_REFORMA_PECAS;COD_CLASSE_AGREG;GA_AGD_LOTE_AGREGADOS;COD_CLASSE_AGREG
FK_REFORMA_PECAS__LOTE_AGD;GA_AGD_REFORMA_PECAS;COD_EMPR;GA_AGD_LOTE_AGREGADOS;COD_EMPR
FK_REFORMA_PECAS__LOTE_AGD;GA_AGD_REFORMA_PECAS;NR_DOCUME;GA_AGD_LOTE_AGREGADOS;NR_DOCUME
FK_RETORNO__LOTE_AGREGADOS;GA_AGD_RETORNO;AGD_CODIGO;GA_AGD_LOTE_AGREGADOS;AGD_CODIGO
FK_RETORNO__LOTE_AGREGADOS;GA_AGD_RETORNO;COD_CLASSE_AGREG;GA_AGD_LOTE_AGREGADOS;COD_CLASSE_AGREG
FK_RETORNO__LOTE_AGREGADOS;GA_AGD_RETORNO;NR_DOCUME;GA_AGD_LOTE_AGREGADOS;NR_DOCUME
FK_RETORNO__LOTE_AGREGADOS;GA_AGD_RETORNO;COD_EMPR;GA_AGD_LOTE_AGREGADOS;COD_EMPR
FK_RETORNO__SERVICOS;GA_AGD_RETORNO;COD_SERVICO;GA_AGD_SERVICOS;COD_SERVICO
FK_SERVICOS__ENVIO;GA_AGD_SERVICOS;COD_EMPR;GA_AGD_ENVIO;COD_EMPR
FK_SERVICOS__ENVIO;GA_AGD_SERVICOS;NR_DOCUME;GA_AGD_ENVIO;NR_DOCUME
FK_SERVICOS__ENVIO;GA_AGD_SERVICOS;AGD_CODIGO;GA_AGD_ENVIO;AGD_CODIGO
FK_SERVICOS__ENVIO;GA_AGD_SERVICOS;COD_CLASSE_AGREG;GA_AGD_ENVIO;COD_CLASSE_AGREG
FK_TAB_DESGASTE_CARACTERISTICA;GA_AGD_TABELA_DESGASTE;COD_CARAC;GA_AGD_CARACTERISTICA;COD_CARAC
FK_TAB_DESGASTE_MODELO_MAT_ROD;GA_AGD_TABELA_DESGASTE;COD_MODELO_MATROD;GA_AGD_MODELO_MAT_ROD;COD_MODELO_MATROD
FK_CLE_FUNC_EQP_EQP;GA_CLE_EQP_X_FUNC;COD_EQUIPAMENTO;GA_EQP_EQUIPAMENTO;COD_EQUIPAMENTO
FK_CLE_ORC;GA_CLE_MOV_ORCAMENTOS;COD_EMPR;GA_CLE_ORCAMENTOS;COD_EMPR
FK_CLE_ORC;GA_CLE_MOV_ORCAMENTOS;ID_ORC;GA_CLE_ORCAMENTOS;ID_ORC
FK_CLE_ORC_EQP;GA_CLE_MOV_ORCAMENTOS;COD_EQUIPAMENTO;GA_EQP_EQUIPAMENTO;COD_EQUIPAMENTO
FK_GA_CLE_M_TAXAS__MO_GA_CLE_T;GA_CLE_MOV_TAXAS;COD_TAXA;GA_CLE_TAXAS;COD_TAXA
FK_GA_CLE_EQUIPAMENTO;GA_CLE_MOVIMENTO;COD_EQUIPAMENTO;GA_EQP_EQUIPAMENTO;COD_EQUIPAMENTO
FK_CLE_ORC_COMPART_O;GA_CLE_ORC_COMPART;ID_ORC;GA_CLE_ORCAMENTOS;ID_ORC
FK_CLE_ORC_COMPART_O;GA_CLE_ORC_COMPART;COD_EMPR;GA_CLE_ORCAMENTOS;COD_EMPR
FK_CLE_ORC_COMPART_C;GA_CLE_ORC_COMPART;COD_COMPART;GA_EQP_COMPARTIMENTO;COD_COMPART
FK_CLE_ORC_COMPART_E;GA_CLE_ORC_COMPART;COD_EQUIPAMENTO;GA_EQP_EQUIPAMENTO;COD_EQUIPAMENTO
FK_ORC_EQP_ORC;GA_CLE_ORC_EQP;COD_EMPR;GA_CLE_ORCAMENTOS;COD_EMPR
FK_ORC_EQP_ORC;GA_CLE_ORC_EQP;ID_ORC;GA_CLE_ORCAMENTOS;ID_ORC
FK_ORC_EQP_EQUIP;GA_CLE_ORC_EQP;COD_EQUIPAMENTO;GA_EQP_EQUIPAMENTO;COD_EQUIPAMENTO
FK_CLE_ORC_MOTIVO;GA_CLE_ORCAMENTOS;COD_MOTIVO;GA_OFI_MOT_ENTRADA;COD_MOTIVO
EQUIPAMENTO_MOV_CCUST;GA_COMPL_ABLUB_MOV_CCUST;COD_MIS;GA_EQP_EQUIPAMENTO;COD_EQUIPAMENTO
FK_ORIGEM_AUTOMACAO;GA_COMPL_ABLUB_MOV_CCUST;MOV_AUTOMACAO;GA_EQP_ORIGEM_AUTOMACAO;ID
EQUIPAMENTO_MOV_CCUST_LT;GA_COMPL_ABLUB_MOV_CCUST_LT;COD_MIS;GA_EQP_EQUIPAMENTO;COD_EQUIPAMENTO
FK_ORIGEM_AUTOMACAO_LT;GA_COMPL_ABLUB_MOV_CCUST_LT;MOV_AUTOMACAO;GA_EQP_ORIGEM_AUTOMACAO;ID
FK_CPP_BLOQUEIO;GA_CPP_BLOQUEIO_DETALHE;ID_BLOQUEIO;GA_CPP_BLOQUEIO;ID
FK_COTAS_REGRAS;GA_CPP_COTAS;COD_REGRA;GA_CPP_REGRAS_COTAS;COD_REGRA
FK_COTAS__MATERIAL;GA_CPP_COTAS;COD_EMPR;GA_EQP_MATERIAL;COD_EMPR
FK_COTAS__MATERIAL;GA_CPP_COTAS;COD_MATER;GA_EQP_MATERIAL;COD_MATER
FK_COTAS_EQP_EQUIP;GA_CPP_COTAS_EQP;CPP_CODIGO_EQP;GA_CPP_EQUIPAMENTO;CPP_CODIGO_EQP
FK_COTAS_EQP_EQUIP;GA_CPP_COTAS_EQP;COD_PROP_EQUIP;GA_CPP_EQUIPAMENTO;COD_PROP_EQUIP
FK_COTAS_EQP_EQUIP;GA_CPP_COTAS_EQP;CPP_PROP_TIPO;GA_CPP_EQUIPAMENTO;CPP_PROP_TIPO
FK_COTAS_EQP_MATERIAL;GA_CPP_COTAS_EQP;COD_MATER;GA_EQP_MATERIAL;COD_MATER
FK_COTAS_EQP_MATERIAL;GA_CPP_COTAS_EQP;COD_EMPR;GA_EQP_MATERIAL;COD_EMPR
FK_GA_CPP_C_MAT_CPP_C_GA_EQP_M;GA_CPP_CUSTO_MATERIAL;COD_EMPR;GA_EQP_MATERIAL;COD_EMPR
MAT_CPP_C_MATER;GA_CPP_CUSTO_MATERIAL;COD_EMPR;GA_EQP_MATERIAL;COD_EMPR
FK_GA_CPP_C_MAT_CPP_C_GA_EQP_M;GA_CPP_CUSTO_MATERIAL;COD_MATER;GA_EQP_MATERIAL;COD_MATER
MAT_CPP_C_MATER;GA_CPP_CUSTO_MATERIAL;COD_MATER;GA_EQP_MATERIAL;COD_MATER
MAT_CPP_CUSTO_MAT_EQP_MAT;GA_CPP_CUSTO_MATERIAL_EQP;COD_MATER;GA_EQP_MATERIAL;COD_MATER
MAT_CPP_CUSTO_MATERIAL_EQP;GA_CPP_CUSTO_MATERIAL_EQP;COD_MATER;GA_EQP_MATERIAL;COD_MATER
MAT_CPP_CUSTO_MAT_EQP_MAT;GA_CPP_CUSTO_MATERIAL_EQP;COD_EMPR;GA_EQP_MATERIAL;COD_EMPR
MAT_CPP_CUSTO_MATERIAL_EQP;GA_CPP_CUSTO_MATERIAL_EQP;COD_EMPR;GA_EQP_MATERIAL;COD_EMPR
FK_CPP_CUST_PONTO_MAT;GA_CPP_CUSTO_MATERIAL_PONTO;COD_EMPR;GA_EQP_MATERIAL;COD_EMPR
MAT_CUSTO_MATERIAL_P;GA_CPP_CUSTO_MATERIAL_PONTO;COD_EMPR;GA_EQP_MATERIAL;COD_EMPR
FK_CPP_CUST_PONTO_MAT;GA_CPP_CUSTO_MATERIAL_PONTO;COD_MATER;GA_EQP_MATERIAL;COD_MATER
MAT_CUSTO_MATERIAL_P;GA_CPP_CUSTO_MATERIAL_PONTO;COD_MATER;GA_EQP_MATERIAL;COD_MATER
FK_CPP_CUST_PONTO_PONTO;GA_CPP_CUSTO_MATERIAL_PONTO;COD_PONTO;GA_EQP_PONTO_ABASTEC;COD_PONTO
PONTO_CUSTO_MATERIAL;GA_CPP_CUSTO_MATERIAL_PONTO;COD_PONTO;GA_EQP_PONTO_ABASTEC;COD_PONTO
MAT_CPP_CUSTO_MAT_PROP_MAT;GA_CPP_CUSTO_MATERIAL_PROP;COD_MATER;GA_EQP_MATERIAL;COD_MATER
MAT_CPP_CUSTO_MAT_PROP_MAT;GA_CPP_CUSTO_MATERIAL_PROP;COD_EMPR;GA_EQP_MATERIAL;COD_EMPR
FK_CPP_CUS_MAT_EQP_MAT_TP;GA_CPP_CUSTO_MATERIAL_TP;COD_EMPR;GA_EQP_MATERIAL;COD_EMPR
FK_CPP_CUS_MAT_EQP_MAT_TP;GA_CPP_CUSTO_MATERIAL_TP;COD_MATER;GA_EQP_MATERIAL;COD_MATER
FK_ESTMEDIDO__MATERIAL;GA_CPP_ESTOQUE_MEDIDO;COD_EMPR;GA_EQP_MATERIAL;COD_EMPR
FK_ESTMEDIDO__MATERIAL;GA_CPP_ESTOQUE_MEDIDO;COD_MATER;GA_EQP_MATERIAL;COD_MATER
FK_PTOABA__ESTMED;GA_CPP_ESTOQUE_MEDIDO;COD_PONTO;GA_EQP_PONTO_ABASTEC;COD_PONTO
FK_FORNECEDOR__ESTOQUE;ga_cpp_estoque_ponto;FOR_CODIGO;GA_CPP_FORNECEDOR;FOR_CODIGO
FK_GA_CPP_POSICAO_ESTOQUE;ga_cpp_estoque_ponto;COD_POSICAO_EST;GA_CPP_POSICAO_ESTOQUE;COD_POSICAO_EST
FK_ESTOQUE__MATERIAL;ga_cpp_estoque_ponto;COD_MATER;GA_EQP_MATERIAL;COD_MATER
FK_ESTOQUE__MATERIAL;ga_cpp_estoque_ponto;COD_EMPR;GA_EQP_MATERIAL;COD_EMPR
FK_GA_CPP_PROJETO;ga_cpp_estoque_ponto;PROJ_CODE;GA_OFI_PROJETO;PROJ_CODE
FK_GA_CPP_PROJETO;ga_cpp_estoque_ponto;PROJ_EMPR;GA_OFI_PROJETO;PROJ_EMPR
FK_BOMBA_FECHAMENTO;GA_CPP_FECHAMENTO;ID_BOMBA_PONTO;GA_EQP_PONTO_BOMBA;ID_BOMBA_PONTO
FK_GA_CPP_F_REFERENCE_GA_EQP_P;GA_CPP_FECHAMENTO;ID_BOMBA_PONTO;GA_EQP_PONTO_BOMBA;ID_BOMBA_PONTO
FK_MOVIMENTO__ITENS;GA_CPP_ITENS_MOV;MOV_ID;GA_CPP_MOVIMENTO;MOV_ID
FK_CPP_ITENS_MATER;GA_CPP_ITENS_MOV;COD_MATER;GA_EQP_MATERIAL;COD_MATER
FK_CPP_ITENS_MATER;GA_CPP_ITENS_MOV;COD_EMPR;GA_EQP_MATERIAL;COD_EMPR
FK_PONTO_BOMBA__ITENS;GA_CPP_ITENS_MOV;ID_BOMBA_PONTO;GA_EQP_PONTO_BOMBA;ID_BOMBA_PONTO
FK_ITENS_MOV_FAIXAS;GA_CPP_ITENS_MOV_FAIXAS;MOV_ID;GA_CPP_ITENS_MOV;MOV_ID
FK_ITENS_MOV_FAIXAS;GA_CPP_ITENS_MOV_FAIXAS;COD_EMPR;GA_CPP_ITENS_MOV;COD_EMPR
FK_ITENS_MOV_FAIXAS;GA_CPP_ITENS_MOV_FAIXAS;COD_MATER;GA_CPP_ITENS_MOV;COD_MATER
FK_FORMA_PAGTO;GA_CPP_ITENS_MOV_PAGAMENTO;COD_PAGTO;GA_CPP_CONDPAG;PAG_CODIGO
FK_MOV_ITENS;GA_CPP_ITENS_MOV_X_PAGAMENTOS;COD_MATER;GA_CPP_ITENS_MOV;COD_MATER
FK_MOV_ITENS;GA_CPP_ITENS_MOV_X_PAGAMENTOS;COD_EMPR;GA_CPP_ITENS_MOV;COD_EMPR
FK_MOV_ITENS;GA_CPP_ITENS_MOV_X_PAGAMENTOS;MOV_ID;GA_CPP_ITENS_MOV;MOV_ID
FK_MOV_ITENS_PGTO;GA_CPP_ITENS_MOV_X_PAGAMENTOS;ID_PAGAMENTOS;GA_CPP_ITENS_MOV_PAGAMENTO;ID
FK_CPP_LAV_CCUST;GA_CPP_LAVAGEM;CPP_PROP_TIPO;GA_CPP_EQUIPAMENTO;CPP_PROP_TIPO
FK_CPP_LAV_CCUST;GA_CPP_LAVAGEM;COD_PROP_EQUIP;GA_CPP_EQUIPAMENTO;COD_PROP_EQUIP
FK_CPP_LAV_CCUST;GA_CPP_LAVAGEM;CPP_CODIGO_EQP;GA_CPP_EQUIPAMENTO;CPP_CODIGO_EQP
FK_LMC_NF_TRANS;GA_CPP_LMC_NF_TRANSF;LMC_ID;GA_CPP_LMC;LMC_ID
FK_LMC_TAN;GA_CPP_LMC_TANQUES;LMC_ID;GA_CPP_LMC;LMC_ID
FK_LMC_VOL_BOMB;GA_CPP_LMC_VOLUME_BOMBA;LMC_ID;GA_CPP_LMC;LMC_ID
FK_GA_CPP_M_REFERENCE_GA_EQP_M;GA_CPP_MOV_REGISTRA;cod_empr;GA_EQP_MATERIAL;COD_EMPR
FK_GA_CPP_M_REFERENCE_GA_EQP_M;GA_CPP_MOV_REGISTRA;COD_MATER;GA_EQP_MATERIAL;COD_MATER
FK_PTOBOMBA__MOVREGIS;GA_CPP_MOV_REGISTRA;ID_BOMBA_PONTO;GA_EQP_PONTO_BOMBA;ID_BOMBA_PONTO
FK_CONDPAG__MOVIMENTO;GA_CPP_MOVIMENTO;PAG_CODIGO;GA_CPP_CONDPAG;PAG_CODIGO
FK_CPPEQUIP_MOV;GA_CPP_MOVIMENTO;CPP_CODIGO_EQP;GA_CPP_EQUIPAMENTO;CPP_CODIGO_EQP
FK_CPPEQUIP_MOV;GA_CPP_MOVIMENTO;COD_PROP_EQUIP;GA_CPP_EQUIPAMENTO;COD_PROP_EQUIP
FK_CPPEQUIP_MOV;GA_CPP_MOVIMENTO;CPP_PROP_TIPO;GA_CPP_EQUIPAMENTO;CPP_PROP_TIPO
FK_PONTO_ABASTEC__MOVIMENTO;GA_CPP_MOVIMENTO;COD_PONTO;GA_EQP_PONTO_ABASTEC;COD_PONTO
FK_CPP_COD_PROJ;GA_CPP_MOVIMENTO;PROJ_EMPR;GA_OFI_PROJETO;PROJ_EMPR
FK_CPP_COD_PROJ;GA_CPP_MOVIMENTO;PROJ_CODE;GA_OFI_PROJETO;PROJ_CODE
FK_PTOTQ__MATERIAL;GA_CPP_PONTO_TANQUE;COD_MATER;GA_EQP_MATERIAL;COD_MATER
FK_PTOTQ__MATERIAL;GA_CPP_PONTO_TANQUE;COD_EMPR;GA_EQP_MATERIAL;COD_EMPR
FK_PTOTQ__PTOABA;GA_CPP_PONTO_TANQUE;COD_PONTO;GA_EQP_PONTO_ABASTEC;COD_PONTO
FK_GA_EQP_PONTO_ABASTEC;GA_CPP_POSICAO_ESTOQUE;COD_PONTO;GA_EQP_PONTO_ABASTEC;COD_PONTO
FK_REGRA_COTAS;GA_CPP_REGRAS_COTAS_ITENS;COD_REGRA;GA_CPP_REGRAS_COTAS;COD_REGRA
FK_GA_EQP_A_FK_ABADUP_GA_EQP_A;GA_EQP_ABA_DUPLO;ID_APONT_ABAST;GA_EQP_APONT_ABAST;ID_APONT_ABAST
FK_GA_EQP_A_FK_ID_AGENDA;GA_EQP_AGENDA;ID_AGENDA_ANT;GA_EQP_AGENDA;ID_AGENDA
FK_GA_EQP_A_FK_COMPAR_GA_EQP_C;GA_EQP_AGENDA;COD_COMPART;GA_EQP_COMPARTIMENTO;COD_COMPART
EQUIPAMENTO_AGENDA;GA_EQP_AGENDA;COD_EQUIPAMENTO;GA_EQP_EQUIPAMENTO;COD_EQUIPAMENTO
FK_EQP_AGENDA_OS;GA_EQP_AGENDA;COD_OS;GA_OFI_OS;COD_OS
EQUIPA_AGENDA_LAV;GA_EQP_AGENDA_LAV;COD_EQUIPAMENTO;GA_EQP_EQUIPAMENTO;COD_EQUIPAMENTO
FK_AGRUP_OFICINA;GA_EQP_AGRUP;COD_OFICINA;GA_OFI_OFICINA;COD_OFICINA
APONTAMENTO_APONT_ABAST;GA_EQP_APONT_ABAST;ID_APONT;GA_EQP_APONTAMENTO;ID_APONT
COMPARTIMENTO_APONT_ABAST;GA_EQP_APONT_ABAST;COD_COMPART;GA_EQP_COMPARTIMENTO;COD_COMPART
FK_APONT_ABAST__MATERIAL;GA_EQP_APONT_ABAST;COD_EMPR;GA_EQP_MATERIAL;COD_EMPR
MATERIAL_APONT_ABAST;GA_EQP_APONT_ABAST;COD_MATER;GA_EQP_MATERIAL;COD_MATER
FK_APONT_ABAST__MATERIAL;GA_EQP_APONT_ABAST;COD_MATER;GA_EQP_MATERIAL;COD_MATER
MATERIAL_APONT_ABAST;GA_EQP_APONT_ABAST;COD_EMPR;GA_EQP_MATERIAL;COD_EMPR
PONTO_BOMBA_APONT_ABAST;GA_EQP_APONT_ABAST;ID_BOMBA_PONTO;GA_EQP_PONTO_BOMBA;ID_BOMBA_PONTO
APONT_APONT_LUBRIF;GA_EQP_APONT_LUBRIF;ID_APONT;GA_EQP_APONTAMENTO;ID_APONT
FK_CAUSA_MAN__APO_LUB;GA_EQP_APONT_LUBRIF;MAN_CODIGO;GA_EQP_CAUSA_MANUTENCAO;MAN_CODIGO
FK_GA_EQP_A_FK_APONTL_GA_EQP_C;GA_EQP_APONT_LUBRIF;MAN_CODIGO;GA_EQP_CAUSA_MANUTENCAO;MAN_CODIGO
FK_COMPARTIMENTO_APONT_LUBRIF;GA_EQP_APONT_LUBRIF;COD_COMPART;GA_EQP_COMPARTIMENTO;COD_COMPART
FK_APONT_LUBRIF__MATERIAL;GA_EQP_APONT_LUBRIF;COD_EMPR;GA_EQP_MATERIAL;COD_EMPR
MATER_APONT_LUBRIF;GA_EQP_APONT_LUBRIF;COD_EMPR;GA_EQP_MATERIAL;COD_EMPR
FK_APONT_LUBRIF__MATERIAL;GA_EQP_APONT_LUBRIF;COD_MATER;GA_EQP_MATERIAL;COD_MATER
MATER_APONT_LUBRIF;GA_EQP_APONT_LUBRIF;COD_MATER;GA_EQP_MATERIAL;COD_MATER
PONTO_ABASTEC_APONT_LUBRIF;GA_EQP_APONT_LUBRIF;COD_PONTO;GA_EQP_PONTO_ABASTEC;COD_PONTO
FK_GA_EQP_A_FK_PONTO__GA_EQP_P;GA_EQP_APONT_LUBRIF;ID_BOMBA_PONTO;GA_EQP_PONTO_BOMBA;ID_BOMBA_PONTO
EQUIP_APONTAMENTO;GA_EQP_APONTAMENTO;COD_EQUIPAMENTO;GA_EQP_EQUIPAMENTO;COD_EQUIPAMENTO
FK_GA_OFI_PROJETO_APONT;GA_EQP_APONTAMENTO;PROJ_CODE;GA_OFI_PROJETO;PROJ_CODE
FK_GA_OFI_PROJETO_APONT;GA_EQP_APONTAMENTO;PROJ_EMPR;GA_OFI_PROJETO;PROJ_EMPR
FK_EQP__BAIXA_PLANO;GA_EQP_BAIXA_PLANO;COD_EQUIPAMENTO;GA_EQP_EQUIPAMENTO;COD_EQUIPAMENTO
FK_GA_EQP_B_FK_EQP__B_GA_EQP_E;GA_EQP_BAIXA_PLANO;COD_EQUIPAMENTO;GA_EQP_EQUIPAMENTO;COD_EQUIPAMENTO
PER_PLANO_BAIXA_PLANO;GA_EQP_BAIXA_PLANO;ID_PER_PLANO;GA_EQP_PLANO_EQUIPAMENTO;ID_PER_PLANO
FK_EQP_OS_BAIXA_EXEC;GA_EQP_BAIXA_PLANO;ID_EXEC;GA_EQP_PLANO_EXECUCAO;ID_EXEC
FK_EQP_BAIXA_PLANO_PREV;GA_EQP_BAIXA_PLANO;ID_PREV;GA_EQP_PLANO_PREVENTIVA;ID_PREV
FK_EQP_BAIXA_PLANO_OS;GA_EQP_BAIXA_PLANO;COD_OS;GA_OFI_OS;COD_OS
FK_AGRUP_CLASS__EQP_CLASSE;GA_EQP_CLASSE;ID_AGRUP;GA_OFI_AGRUP_CLASS;ID_AGRUP
FK_COBERTURA_EQP;GA_EQP_COBERTURA;COD_EQUIPAMENTO;GA_EQP_EQUIPAMENTO;COD_EQUIPAMENTO
FK_COBERTURA_EQP_COB;GA_EQP_COBERTURA;COD_COBERTURA;GA_LIC_COBERTURAS;COD_COBERTURA
COMPARTIMENTO_COMPAR_MODELO;GA_EQP_COMPAR_MODELO;COD_COMPART;GA_EQP_COMPARTIMENTO;COD_COMPART
MODELO_VERSAO_COMPAR_MODELO;GA_EQP_COMPAR_MODELO;COD_MODELO;GA_EQP_MODELO_VERSAO;COD_MODELO
MODELO_VERSAO_COMPAR_MODELO;GA_EQP_COMPAR_MODELO;COD_VERSAO;GA_EQP_MODELO_VERSAO;COD_VERSAO
COMPAR_MODELO_COMPART_MATERIAL;GA_EQP_COMPART_MATERIAL;ID_COMP_MODEL;GA_EQP_COMPAR_MODELO;ID_COMP_MODEL
FK_COMPAR_MOD_COMP_MATER;GA_EQP_COMPART_MATERIAL;ID_COMP_MODEL;GA_EQP_COMPAR_MODELO;ID_COMP_MODEL
FK_MATERIAL_COMPART_MATERIAL;GA_EQP_COMPART_MATERIAL;COD_MATER;GA_EQP_MATERIAL;COD_MATER
MATERIAL_COMPART_MATERIAL;GA_EQP_COMPART_MATERIAL;COD_MATER;GA_EQP_MATERIAL;COD_MATER
FK_MATERIAL_COMPART_MATERIAL;GA_EQP_COMPART_MATERIAL;COD_EMPR;GA_EQP_MATERIAL;COD_EMPR
MATERIAL_COMPART_MATERIAL;GA_EQP_COMPART_MATERIAL;COD_EMPR;GA_EQP_MATERIAL;COD_EMPR
FK_EQP_COMP_ATIV_TR;GA_EQP_COMPARTIMENTO;ID_ATIVIDADE_TR;GA_EQP_ATIVIDADE;ID_ATIVIDADE
FK_EQP_COMP_ATIV_RM;GA_EQP_COMPARTIMENTO;ID_ATIVIDADE_RM;GA_EQP_ATIVIDADE;ID_ATIVIDADE
FK_EQP_COMP_ATIV_AM;GA_EQP_COMPARTIMENTO;ID_ATIVIDADE_AM;GA_EQP_ATIVIDADE;ID_ATIVIDADE
FK_EQP_COMP_ATIV_CPL_AM;GA_EQP_COMPARTIMENTO;ID_COMPL_ATIV_AM;GA_EQP_COMPL_ATIV;ID_COMPL_ATIV
FK_EQP_COMP_ATIV_CPL_TR;GA_EQP_COMPARTIMENTO;ID_COMPL_ATIV_TR;GA_EQP_COMPL_ATIV;ID_COMPL_ATIV
FK_EQP_COMP_ATIV_CPL_RM;GA_EQP_COMPARTIMENTO;ID_COMPL_ATIV_RM;GA_EQP_COMPL_ATIV;ID_COMPL_ATIV
FK_EQP_COMP_COMP_CPL;GA_EQP_COMPARTIMENTO;ID_COMPL_COMPO;GA_EQP_COMPL_COMPO;ID_COMPL_COMPO
FK_EQP_COMP_COMP;GA_EQP_COMPARTIMENTO;ID_COMPONENTE;GA_EQP_COMPONENTE;ID_COMPONENTE
FK_EQP_COMP_SIS;GA_EQP_COMPARTIMENTO;ID_SISTEMA;GA_EQP_SISTEMA;ID_SISTEMA
FK_EQP_COTAS_EQUIP;GA_EQP_COTAS_EQUIP;COD_EQUIPAMENTO;GA_EQP_EQUIPAMENTO;COD_EQUIPAMENTO
FK_EQP_COTAS_EQUIP_MATERIAL;GA_EQP_COTAS_EQUIP;COD_EMPR;GA_EQP_MATERIAL;COD_EMPR
FK_EQP_COTAS_EQUIP_MATERIAL;GA_EQP_COTAS_EQUIP;COD_MATER;GA_EQP_MATERIAL;COD_MATER
MAT_CUSTO_MATERIAL;GA_EQP_CUSTO_MATERIAL;COD_MATER;GA_EQP_MATERIAL;COD_MATER
MAT_CUSTO_MATERIAL;GA_EQP_CUSTO_MATERIAL;COD_EMPR;GA_EQP_MATERIAL;COD_EMPR
FK_GA_EQP_E_FK_AGRUPA_GA_EQP_A;GA_EQP_EQUIPAMENTO;ID_AGRUP_EQP;GA_EQP_AGRUP;ID_AGRUP_EQP
FK_AGRUP;GA_EQP_EQUIPAMENTO;ID_AGRUP_EQP;GA_EQP_AGRUP;ID_AGRUP_EQP
FK_EQP_CRIT;GA_EQP_EQUIPAMENTO;COD_CRIT;GA_EQP_CRITICIDADE;COD_CRIT
MODELO_VERSAO_EQUIPAMENTO;GA_EQP_EQUIPAMENTO;COD_VERSAO;GA_EQP_MODELO_VERSAO;COD_VERSAO
MODELO_VERSAO_EQUIPAMENTO;GA_EQP_EQUIPAMENTO;COD_MODELO;GA_EQP_MODELO_VERSAO;COD_MODELO
FK_EQP_EQUIP__EQP_MOT_DESAT;GA_EQP_EQUIPAMENTO;COD_MOT_DESAT;GA_EQP_MOT_DESAT;COD_MOT_DESAT
FK_GA_EQP_E_FK_EQP_EQ_GA_EQP_M;GA_EQP_EQUIPAMENTO;COD_MOT_DESAT;GA_EQP_MOT_DESAT;COD_MOT_DESAT
FK_EQP_PATRIMONIO;GA_EQP_EQUIPAMENTO;COD_EMPR_PAT;GA_EQP_PATRIMONIO;COD_EMPR
FK_EQP_EQUIP_PATRI;GA_EQP_EQUIPAMENTO;COD_EMPR_PAT;GA_EQP_PATRIMONIO;COD_EMPR
FK_EQP_PATRIMONIO;GA_EQP_EQUIPAMENTO;PAT_CODIGO;GA_EQP_PATRIMONIO;PAT_CODIGO
FK_EQP_EQUIP_PATRI;GA_EQP_EQUIPAMENTO;PAT_CODIGO;GA_EQP_PATRIMONIO;PAT_CODIGO
FK_GA_EQP_E_FK_EQP__P_GA_EQP_P;GA_EQP_EQUIPAMENTO;ID_PLANO;GA_EQP_PLANO_REVISAO;ID_PLANO
FK_PLANO__EQUIPAMENTO;GA_EQP_EQUIPAMENTO;ID_PLANO;GA_EQP_PLANO_REVISAO;ID_PLANO
FK_GA_EQP_E_FK_EQP__S_GA_EQP_S;GA_EQP_EQUIPAMENTO;ID_SECAO;GA_EQP_SECAO;ID_SECAO
FK_SECAO__EQUIPAMENTO;GA_EQP_EQUIPAMENTO;ID_SECAO;GA_EQP_SECAO;ID_SECAO
FK_SUB_CLASSE__EQUIPAMENTO;GA_EQP_EQUIPAMENTO;ID_SUB_CLASSE;GA_EQP_SUB_CLASSE;ID_SUB_CLASSE
FK_SUB_CLASSE__EQUIPAMENTO;GA_EQP_EQUIPAMENTO;ID_CLASSE;GA_EQP_SUB_CLASSE;ID_CLASSE
FK_EQP_EQUIP_UF;GA_EQP_EQUIPAMENTO;COD_UF;GA_EQP_UF;COD_UF
FK_GA_EQP_E_FK_ABA_DU_GA_EQP_E;GA_EQP_ESP_ABA_DUPLO;ID_APONT_ABAST;GA_EQP_ESP_APO_ABAST;ID_APONT_ABAST
FK_GA_EQP_E_FK_ABA_DU_GA_EQP_P;GA_EQP_ESP_ABA_DUPLO;ID_BOMBA_PONTO;GA_EQP_PONTO_BOMBA;ID_BOMBA_PONTO
ESP_APONT__ESP_APO_ABAST;GA_EQP_ESP_APO_ABAST;ID_APONT;GA_EQP_ESP_APONT;ID_APONT
FK_ESP_APO_ABAST_EQP_MATERIAL;GA_EQP_ESP_APO_ABAST;COD_EMPR;GA_EQP_MATERIAL;COD_EMPR
FK_ESP_APO_ABAST_EQP_MATERIAL;GA_EQP_ESP_APO_ABAST;COD_MATER;GA_EQP_MATERIAL;COD_MATER
FK_ESP_LUB_CAUSA_MAN;GA_EQP_ESP_APO_LUB;MAN_CODIGO;GA_EQP_CAUSA_MANUTENCAO;MAN_CODIGO
ESP_APONT__ESP_APO_LUB;GA_EQP_ESP_APO_LUB;ID_APONT;GA_EQP_ESP_APONT;ID_APONT
FK_ESP_APO_LUB_EQP_MATERIAL;GA_EQP_ESP_APO_LUB;COD_MATER;GA_EQP_MATERIAL;COD_MATER
FK_ESP_APO_LUB_EQP_MATERIAL;GA_EQP_ESP_APO_LUB;COD_EMPR;GA_EQP_MATERIAL;COD_EMPR
FK_ESP_APO_LUB__GA_EQP_PONTO;GA_EQP_ESP_APO_LUB;COD_PONTO;GA_EQP_PONTO_ABASTEC;COD_PONTO
FK_EQP_ESP_APONT;GA_EQP_ESP_APONT;COD_EQUIPAMENTO;GA_EQP_EQUIPAMENTO;COD_EQUIPAMENTO
FK_GA_OFI_PROJETO;GA_EQP_ESP_APONT;PROJ_EMPR;GA_OFI_PROJETO;PROJ_EMPR
FK_GA_OFI_PROJETO;GA_EQP_ESP_APONT;PROJ_CODE;GA_OFI_PROJETO;PROJ_CODE
FK_GA_EQP_E_FK_LUB_DU_GA_EQP_E;GA_EQP_ESP_LUB_DUPLO;ID_APONT_LUB;GA_EQP_ESP_APO_LUB;ID_APONT_LUB
FK_GA_EQP_E_FK_LUB_DU_GA_EQP_P;GA_EQP_ESP_LUB_DUPLO;ID_BOMBA_PONTO;GA_EQP_PONTO_BOMBA;ID_BOMBA_PONTO
FK_CLASSE__LANC_ANO;GA_EQP_LANC_ANO;ID_CLASSE;GA_EQP_CLASSE;ID_CLASSE
FK_GA_EQP_L_FK_CLASSE_GA_EQP_C;GA_EQP_LANC_ANO;ID_CLASSE;GA_EQP_CLASSE;ID_CLASSE
ESP_APONT__EQP_LOG;GA_EQP_LOG;ID_APONT;GA_EQP_ESP_APONT;ID_APONT
FK_ID_MOV;GA_EQP_LOG_GIGA;ID_MOV_ABASTEC;GA_EQP_APONT_GIGA;ID_MOV_ABASTEC
FK_ID_OUTR_MOV;GA_EQP_LOG_OUTR_GIGA;ID_MOV_OUTROS_MOV;GA_EQP_OUTROS_MOV_GIGA;ID_MOV_OUTROS_MOV
FK_GA_EQP_L_FK_LUBDUP_GA_EQP_A;GA_EQP_LUB_DUPLO;ID_APONT_LUB;GA_EQP_APONT_LUBRIF;ID_APONT_LUB
FK_MATERIAL_MATER_MODELO2;GA_EQP_MATER_MODELO_VERSAO;COD_EMPR;GA_EQP_MATERIAL;COD_EMPR
FK_MATERIAL_MATER_MODELO;GA_EQP_MATER_MODELO_VERSAO;COD_MATER;GA_EQP_MATERIAL;COD_MATER
FK_MATERIAL_MATER_MODELO2;GA_EQP_MATER_MODELO_VERSAO;COD_MATER2;GA_EQP_MATERIAL;COD_MATER
FK_MATERIAL_MATER_MODELO;GA_EQP_MATER_MODELO_VERSAO;COD_EMPR;GA_EQP_MATERIAL;COD_EMPR
FK_MV_MATER_MODELO;GA_EQP_MATER_MODELO_VERSAO;COD_MODELO;GA_EQP_MODELO_VERSAO;COD_MODELO
FK_MV_MATER_MODELO;GA_EQP_MATER_MODELO_VERSAO;COD_VERSAO;GA_EQP_MODELO_VERSAO;COD_VERSAO
FK_GA_EQP_M_MAT_BOMBA_GA_EQP_M;GA_EQP_MATERIAIS_BOMBA;COD_MATER;GA_EQP_MATERIAL;COD_MATER
MAT_BOMBA__MATERIAL;GA_EQP_MATERIAIS_BOMBA;COD_MATER;GA_EQP_MATERIAL;COD_MATER
FK_GA_EQP_M_MAT_BOMBA_GA_EQP_M;GA_EQP_MATERIAIS_BOMBA;COD_EMPR;GA_EQP_MATERIAL;COD_EMPR
MAT_BOMBA__MATERIAL;GA_EQP_MATERIAIS_BOMBA;COD_EMPR;GA_EQP_MATERIAL;COD_EMPR
FK_GA_EQP_M_FK_PONTO__GA_EQP_P;GA_EQP_MATERIAIS_BOMBA;ID_BOMBA_PONTO;GA_EQP_PONTO_BOMBA;ID_BOMBA_PONTO
FK_PONTO_BOMBA__MATERIAIS_BOMB;GA_EQP_MATERIAIS_BOMBA;ID_BOMBA_PONTO;GA_EQP_PONTO_BOMBA;ID_BOMBA_PONTO
ESPECIE_MATERIAL;GA_EQP_MATERIAL;ID_ESPECIE;GA_EQP_ESPECIE;ID_ESPECIE
UNIDADE_MEDIDA_MATERIAL;GA_EQP_MATERIAL;COD_UNIDA;GA_EQP_UNI_MEDIDA;COD_UNIDA
UNI_MEDIDA_MEDIDOR;GA_EQP_MEDIDOR;COD_UNIDA;GA_EQP_UNI_MEDIDA;COD_UNIDA
FK_MOD_OPER_CRIT;GA_EQP_MODEL_OPERAC;COD_CRIT;GA_EQP_CRITICIDADE;COD_CRIT
MODELO_VERSAO_MODEL_OPERAC;GA_EQP_MODEL_OPERAC;COD_VERSAO;GA_EQP_MODELO_VERSAO;COD_VERSAO
MODELO_VERSAO_MODEL_OPERAC;GA_EQP_MODEL_OPERAC;COD_MODELO;GA_EQP_MODELO_VERSAO;COD_MODELO
FL_EQP_MODELO_CL;GA_EQP_MODELO;ID_CLASSE;GA_EQP_CLASSE;ID_CLASSE
FL_EQP_MODELO_FB;GA_EQP_MODELO;ID_FABRIC;GA_EQP_FABRICANTE;ID_FABRIC
FK_EQP_MOD_VER_CLASSE;GA_EQP_MODELO_VERSAO;ID_CLASSE;GA_EQP_CLASSE;ID_CLASSE
FK_GA_EQP_M_FK_FABRIC_GA_EQP_F;GA_EQP_MODELO_VERSAO;ID_FABRIC;GA_EQP_FABRICANTE;ID_FABRIC
FK_GA_EQP_M_MATER__MO_GA_EQP_M;GA_EQP_MODELO_VERSAO;COD_EMPR;GA_EQP_MATERIAL;COD_EMPR
MATERIAL_MODELO_VERSAO;GA_EQP_MODELO_VERSAO;COD_EMPR;GA_EQP_MATERIAL;COD_EMPR
FK_GA_EQP_M_MATER__MO_GA_EQP_M;GA_EQP_MODELO_VERSAO;COD_MATER2;GA_EQP_MATERIAL;COD_MATER
MATERIAL_MODELO_VERSAO;GA_EQP_MODELO_VERSAO;COD_MATER;GA_EQP_MATERIAL;COD_MATER
MEDIDOR_MODELO_VERSAO;GA_EQP_MODELO_VERSAO;ID_MEDIDOR;GA_EQP_MEDIDOR;ID_MEDIDOR
FK_UNIMEDIDA__MODELOVERSAO;GA_EQP_MODELO_VERSAO;COD_UNIDA;GA_EQP_UNI_MEDIDA;COD_UNIDA
FK_MOV_AGRUP__AGRUP;GA_EQP_MOV_AGRUP;ID_AGRUP_EQP;GA_EQP_AGRUP;ID_AGRUP_EQP
FK_MOV_AGRUP__EQUIPAMENTO;GA_EQP_MOV_AGRUP;COD_EQUIPAMENTO;GA_EQP_EQUIPAMENTO;COD_EQUIPAMENTO
FK_EQP_DEP__EQP_MOV_DEP;GA_EQP_MOV_DEPTO;DEP_CODIGO;GA_EQP_DEPARTAMENTO;DEP_CODIGO
FK_REF_419711;GA_EQP_MOV_DEPTO;DEP_CODIGO;GA_EQP_DEPARTAMENTO;DEP_CODIGO
FK_GA_EQP_M_FK_MOV_DE_GA_EQP_E;GA_EQP_MOV_DEPTO;COD_EQUIPAMENTO;GA_EQP_EQUIPAMENTO;COD_EQUIPAMENTO
FK_REF_419707;GA_EQP_MOV_DEPTO;COD_EQUIPAMENTO;GA_EQP_EQUIPAMENTO;COD_EQUIPAMENTO
EQUIPA_LAVAGEM;GA_EQP_MOV_LAVAG;COD_EQUIPAMENTO;GA_EQP_EQUIPAMENTO;COD_EQUIPAMENTO
FK_MOV_LAV_COD_OS;GA_EQP_MOV_LAVAG;COD_OS;GA_OFI_OS;COD_OS
EQUIPA_MEDIDOR;GA_EQP_MOV_MEDIDOR;COD_EQUIPAMENTO;GA_EQP_EQUIPAMENTO;COD_EQUIPAMENTO
EQUIPAMENTO_MOV_MOTOR;GA_EQP_MOV_MOTOR;COD_EQUIPAMENTO;GA_EQP_EQUIPAMENTO;COD_EQUIPAMENTO
FK_GA_EQP_M_FK_MOVSEG_GA_EQP_E;GA_EQP_MOV_SEGUROS;COD_EQUIPAMENTO;GA_EQP_EQUIPAMENTO;COD_EQUIPAMENTO
FK_GA_EQP_M_FK_SEG__M_GA_EQP_S;GA_EQP_MOV_SEGUROS;SEG_ID;GA_EQP_SEGURADORA;SEG_ID
FK_GA_EQP_ID_AGENDA;GA_EQP_OS;ID_AGENDA;GA_EQP_AGENDA;ID_AGENDA
FK_ID_LAV;GA_EQP_OS;ID_LAV;GA_EQP_AGENDA_LAV;ID_LAV
FK_COD_COMPART_OS;GA_EQP_OS;COD_COMPART;GA_EQP_COMPARTIMENTO;COD_COMPART
FK_EQP_OS_COMPART;GA_EQP_OS;COD_COMPART;GA_EQP_COMPARTIMENTO;COD_COMPART
FK_EQP_OS_EQP;GA_EQP_OS;COD_EQUIPAMENTO;GA_EQP_EQUIPAMENTO;COD_EQUIPAMENTO
FK_COD_EQP_OS;GA_EQP_OS;COD_EQUIPAMENTO;GA_EQP_EQUIPAMENTO;COD_EQUIPAMENTO
FK_MATERIAL_EQP_OS;GA_EQP_OS;COD_MATER;GA_EQP_MATERIAL;COD_MATER
FK_EQP_OS_MATERIAL;GA_EQP_OS;COD_MATER;GA_EQP_MATERIAL;COD_MATER
FK_MATERIAL_EQP_OS;GA_EQP_OS;COD_EMPR;GA_EQP_MATERIAL;COD_EMPR
FK_EQP_OS_MATERIAL;GA_EQP_OS;COD_EMPR;GA_EQP_MATERIAL;COD_EMPR
FK_ID_PER_PLANO;GA_EQP_OS;ID_PER_PLANO;GA_EQP_PLANO_EQUIPAMENTO;ID_PER_PLANO
FK_EQP_OS_PLANO_EXEC;GA_EQP_OS;ID_EXEC;GA_EQP_PLANO_EXECUCAO;ID_EXEC
EQUIPAMENTO_PER_PLANO;GA_EQP_PER_PLA_EQP;COD_EQUIPAMENTO;GA_EQP_EQUIPAMENTO;COD_EQUIPAMENTO
FK_PER_PLA_EQP_OS;GA_EQP_PER_PLA_EQP;ID_OS;GA_EQP_OS;ID_OS
PERIODO_PER_PLANO;GA_EQP_PER_PLA_EQP;ID_PERIODO;GA_EQP_PERIODO;ID_PERIODO
PLANO_REVISAO_PER_PLANO;GA_EQP_PER_PLA_EQP;ID_PLANO;GA_EQP_PLANO_REVISAO;ID_PLANO
MEDIDOR_PERIODO;GA_EQP_PERIODO;ID_MEDIDOR;GA_EQP_MEDIDOR;ID_MEDIDOR
FK_EQP_PLANO_EQP;GA_EQP_PLANO_EQUIPAMENTO;COD_EQUIPAMENTO;GA_EQP_EQUIPAMENTO;COD_EQUIPAMENTO
FK_EQP_PLANO_PREV;GA_EQP_PLANO_EQUIPAMENTO;ID_PREV;GA_EQP_PLANO_PREVENTIVA;ID_PREV
FK_COD_MATER;GA_EQP_PLANO_PREV_ITEM_MATER;COD_EMPR;GA_EQP_MATERIAL;COD_EMPR
FK_COD_MATER;GA_EQP_PLANO_PREV_ITEM_MATER;COD_MATER;GA_EQP_MATERIAL;COD_MATER
FK_MATER_PREV;GA_EQP_PLANO_PREV_ITEM_MATER;TPR_ID;GA_EQP_PLANO_PREVENTIVA_ITEM;TPR_ID
FK_MATER_PREV;GA_EQP_PLANO_PREV_ITEM_MATER;TPR_ITEM;GA_EQP_PLANO_PREVENTIVA_ITEM;TPR_ITEM
FK_MATER_PREV;GA_EQP_PLANO_PREV_ITEM_MATER;ID_PREV;GA_EQP_PLANO_PREVENTIVA_ITEM;ID_PREV
FK_PECA_PREV;GA_EQP_PLANO_PREV_ITEM_PECA;ID_PREV;GA_EQP_PLANO_PREVENTIVA_ITEM;ID_PREV
FK_PECA_PREV;GA_EQP_PLANO_PREV_ITEM_PECA;TPR_ITEM;GA_EQP_PLANO_PREVENTIVA_ITEM;TPR_ITEM
FK_PECA_PREV;GA_EQP_PLANO_PREV_ITEM_PECA;TPR_ID;GA_EQP_PLANO_PREVENTIVA_ITEM;TPR_ID
FK_PREV_PLAN_MOD_VERS;GA_EQP_PLANO_PREVENTIVA;COD_VERSAO;GA_EQP_MODELO_VERSAO;COD_VERSAO
FK_PREV_PLAN_MOD_VERS;GA_EQP_PLANO_PREVENTIVA;COD_MODELO;GA_EQP_MODELO_VERSAO;COD_MODELO
FK_ID_PLANO_PREV;GA_EQP_PLANO_PREVENTIVA_ITEM;ID_PREV;GA_EQP_PLANO_PREVENTIVA;ID_PREV
ATIVIDADE_PLANO_SERVICO;GA_EQP_PLANO_SERVICO;ID_ATIVIDADE;GA_EQP_ATIVIDADE;ID_ATIVIDADE
COMPL_ATIV_PLANO_SERVICO;GA_EQP_PLANO_SERVICO;ID_COMPL_ATIV;GA_EQP_COMPL_ATIV;ID_COMPL_ATIV
COMPL_COMPO_PLANO_SERVICO;GA_EQP_PLANO_SERVICO;ID_COMPL_COMPO;GA_EQP_COMPL_COMPO;ID_COMPL_COMPO
COMPONENTE_PLANO_SERVICO;GA_EQP_PLANO_SERVICO;ID_COMPONENTE;GA_EQP_COMPONENTE;ID_COMPONENTE
PLANO_REVISAO__PLANO_SERVICO;GA_EQP_PLANO_SERVICO;ID_PLANO;GA_EQP_PLANO_REVISAO;ID_PLANO
SECAO__PLANO_SERVICO;GA_EQP_PLANO_SERVICO;ID_SECAO;GA_EQP_SECAO;ID_SECAO
SISTEMA_PLANO_SERVICO;GA_EQP_PLANO_SERVICO;ID_SISTEMA;GA_EQP_SISTEMA;ID_SISTEMA
EQUIPA_PONTO_ABASTEC;GA_EQP_PONTO_ABASTEC;COD_EQUIPAMENTO;GA_EQP_EQUIPAMENTO;COD_EQUIPAMENTO
PONTO_ABASTEC_PONTO_BOMBA;GA_EQP_PONTO_BOMBA;COD_PONTO;GA_EQP_PONTO_ABASTEC;COD_PONTO
FK_EQUIP__RE_ACUM;GA_EQP_RE_ACUM;COD_EQUIPAMENTO;GA_EQP_EQUIPAMENTO;COD_EQUIPAMENTO
FK_RLINEAR_MOPERAC;GA_EQP_REND_LINEAR;COD_MODELO;GA_EQP_MODEL_OPERAC;COD_MODELO
FK_RLINEAR_MOPERAC;GA_EQP_REND_LINEAR;COD_VERSAO;GA_EQP_MODEL_OPERAC;COD_VERSAO
FK_RLINEAR_MOPERAC;GA_EQP_REND_LINEAR;ID_OPER;GA_EQP_MODEL_OPERAC;ID_OPER
FK_GA_EQP_S_FK_VALOR__GA_EQP_S;GA_EQP_SECAO_VALOR;ID_SECAO;GA_EQP_SECAO;ID_SECAO
FK_VALOR_SECAO;GA_EQP_SECAO_VALOR;ID_SECAO;GA_EQP_SECAO;ID_SECAO
CLASSE_SUB_CLASSE;GA_EQP_SUB_CLASSE;ID_CLASSE;GA_EQP_CLASSE;ID_CLASSE
FK_EQP_VIN_COM_MAT_C;GA_EQP_VINCULO_COM_MAT;COD_COMPART;GA_EQP_COMPARTIMENTO;COD_COMPART
FK_EQP_VIN_COM_MAT_M;GA_EQP_VINCULO_COM_MAT;COD_MATER;GA_EQP_MATERIAL;COD_MATER
FK_EQP_VIN_COM_MAT_M;GA_EQP_VINCULO_COM_MAT;COD_EMPR;GA_EQP_MATERIAL;COD_EMPR
FK_EQP_VIN_COM_MAT_MV;GA_EQP_VINCULO_COM_MAT;COD_VERSAO;GA_EQP_MODELO_VERSAO;COD_VERSAO
FK_EQP_VIN_COM_MAT_MV;GA_EQP_VINCULO_COM_MAT;COD_MODELO;GA_EQP_MODELO_VERSAO;COD_MODELO
FK_EQP_VIN_COM_MAT_P;GA_EQP_VINCULO_COM_MAT;COD_PONTO;GA_EQP_PONTO_ABASTEC;COD_PONTO
FK_EQP_VIN_COM_MAT_PB;GA_EQP_VINCULO_COM_MAT;ID_BOMBA_PONTO;GA_EQP_PONTO_BOMBA;ID_BOMBA_PONTO
FK_EQP_VINCULO_CM_COMPART;GA_EQP_VINCULO_COMB;COD_COMPART;GA_EQP_COMPARTIMENTO;COD_COMPART
FK_EQP_VINCULO_COMB;GA_EQP_VINCULO_COMB;COD_MATER;GA_EQP_MATERIAL;COD_MATER
FK_EQP_VINCULO_COMB;GA_EQP_VINCULO_COMB;COD_EMPR;GA_EQP_MATERIAL;COD_EMPR
FK_FUNC_HAB_HAB;GA_FUNC_HABIL;ID_HABILIDADE;GA_OFI_HABILIDADE;ID
FK_GA_LIC_ANEXOS;GA_LIC_ANEXOS;COD_EQUIPAMENTO;GA_EQP_EQUIPAMENTO;COD_EQUIPAMENTO
FK_GA_LIC_APO_COBERTURA;GA_LIC_APOLICE_COB;COD_EQUIPAMENTO;GA_LIC_APOLICE_EQP;COD_EQUIPAMENTO
FK_GA_LIC_APO_COBERTURA;GA_LIC_APOLICE_COB;NR_APOLICE;GA_LIC_APOLICE_EQP;NR_APOLICE
FK_LIC_APOLICE_CADEQP;GA_LIC_APOLICE_PARCELA_EQP;COD_EQUIPAMENTO;GA_EQP_EQUIPAMENTO;COD_EQUIPAMENTO
FK_LIC_APOLICE_LIC_PARCELA;GA_LIC_APOLICE_PARCELA_EQP;NR_APOLICE;GA_LIC_APOLICE_PARCELA;NR_APOLICE
FK_LIC_APOLICE_LIC_PARCELA;GA_LIC_APOLICE_PARCELA_EQP;NR_PARCELA;GA_LIC_APOLICE_PARCELA;NR_PARCELA
FK_GA_LIC_APO_PREMIO;GA_LIC_APOLICE_PRE;COD_EQUIPAMENTO;GA_LIC_APOLICE_EQP;COD_EQUIPAMENTO
FK_GA_LIC_APO_PREMIO;GA_LIC_APOLICE_PRE;NR_APOLICE;GA_LIC_APOLICE_EQP;NR_APOLICE
FK_APOLICES_TAXAS__TAXA_APO;GA_LIC_APOLICES_TAXAS;COD_TAXA_APOLICES;GA_LIC_TAXAS_APOLICES;COD_TAXA_APOLICES
FK_GA_LIC_C__GA_LIC_E1234;GA_LIC_CONFIGURACAO;ID_EXERCICIO;GA_LIC_EXERCICIOS;ID_EXERCICIO
FK_LIC_CONFIG_TAXAS_EQP_UF;GA_LIC_CONFIGURACAO_TAXAS;COD_UF;GA_EQP_UF;COD_UF
FK_LIC_CONFIG_TAXAS_EXERCICIO;GA_LIC_CONFIGURACAO_TAXAS;ID_EXERCICIO;GA_LIC_EXERCICIOS;ID_EXERCICIO
FK_LIC_CONFIG_TAXAS_TIPO_TAXAS;GA_LIC_CONFIGURACAO_TAXAS;COD_TIPO_TAXA;GA_LIC_TIPO_TAXAS;COD_TIPO_TAXA
FK_GA_LIC_C_GA_EQP_C;GA_LIC_CRONO_PAGTO_IPVA;ID_CLASSE;GA_EQP_CLASSE;ID_CLASSE
FK_GA_LIC_C_GA_LIC_U;GA_LIC_CRONO_PAGTO_IPVA;COD_UF;GA_EQP_UF;COD_UF
FK_GA_LIC_C_GA_LIC_E;GA_LIC_CRONO_PAGTO_IPVA;ID_EXERCICIO;GA_LIC_EXERCICIOS;ID_EXERCICIO
FK_GA_LIC_P_REF_GA_LIC_C;GA_LIC_CRONO_PAGTO_IPVA_PARC;ID_EXERCICIO;GA_LIC_CRONO_PAGTO_IPVA;ID_EXERCICIO
FK_GA_LIC_P_REF_GA_LIC_C;GA_LIC_CRONO_PAGTO_IPVA_PARC;ID_CLASSE;GA_LIC_CRONO_PAGTO_IPVA;ID_CLASSE
FK_GA_LIC_P_REF_GA_LIC_C;GA_LIC_CRONO_PAGTO_IPVA_PARC;CRO_FINAL_PLACA;GA_LIC_CRONO_PAGTO_IPVA;CRO_FINAL_PLACA
FK_GA_LIC_P_REF_GA_LIC_C;GA_LIC_CRONO_PAGTO_IPVA_PARC;COD_EMPR;GA_LIC_CRONO_PAGTO_IPVA;COD_EMPR
FK_GA_LIC_P_REF_GA_LIC_C;GA_LIC_CRONO_PAGTO_IPVA_PARC;COD_UF;GA_LIC_CRONO_PAGTO_IPVA;COD_UF
FK_GA_LIC_P_REF_GA_LIC_P;GA_LIC_CRONO_PAGTO_IPVA_PARC;ID_PARCELA;GA_LIC_PARCELAS;ID_PARCELA
FK_GA_LIC_C_GA_EQP_C1;GA_LIC_CRONO_PAGTO_LICE;ID_CLASSE;GA_EQP_CLASSE;ID_CLASSE
FK_GA_LIC_C_GA_EQP_U;GA_LIC_CRONO_PAGTO_LICE;COD_UF;GA_EQP_UF;COD_UF
FK_LIC_LANC_TRE_EX_TRE_EX;GA_LIC_LANC_TREINA_EXAME;ID_TREINAMENTO_EXAME;GA_LIC_TREINAMENTO_EXAME;ID
FK_GA_LIC_M_REFERENCE_GA_EQP_E;GA_LIC_MOV_DPVAT;COD_EQUIPAMENTO;GA_EQP_EQUIPAMENTO;COD_EQUIPAMENTO
FK_GA_LIC_M_REFERENCE_GA_LIC_E;GA_LIC_MOV_DPVAT;ID_EXERCICIO;GA_LIC_EXERCICIOS;ID_EXERCICIO
FK_GA_LIC_EQP_INF;GA_LIC_MOV_INFRACOES;COD_EQUIPAMENTO;GA_EQP_EQUIPAMENTO;COD_EQUIPAMENTO
FK_GA_LIC_I_REF_MOT_INF;GA_LIC_MOV_INFRACOES;COD_FUNC;GA_LIC_CONDUTORES;COD_FUNC
FK_GA_LIC_I_REF_MOT_INF;GA_LIC_MOV_INFRACOES;COD_EMPR;GA_LIC_CONDUTORES;COD_EMPR
FK_GA_LIC_M_REFERENCE_GA_LIC_I;GA_LIC_MOV_INFRACOES;COD_INFRACAO;GA_LIC_INFRACOES;COD_INFRACAO
FK_GA_LIC_M_GA_EQP_E5;GA_LIC_MOV_IPVA;COD_EQUIPAMENTO;GA_EQP_EQUIPAMENTO;COD_EQUIPAMENTO
FK_GA_LIC_M_GA_LIC_E;GA_LIC_MOV_IPVA;ID_EXERCICIO;GA_LIC_EXERCICIOS;ID_EXERCICIO
FK_GA_LIC_M_GA_LIC_M;GA_LIC_MOV_IPVA_PARC;ID_EXERCICIO;GA_LIC_MOV_IPVA;ID_EXERCICIO
FK_GA_LIC_M_GA_LIC_M;GA_LIC_MOV_IPVA_PARC;COD_EQUIPAMENTO;GA_LIC_MOV_IPVA;COD_EQUIPAMENTO
FK_GA_LIC_M_GA_EQP_E4;GA_LIC_MOV_LICE;COD_EQUIPAMENTO;GA_EQP_EQUIPAMENTO;COD_EQUIPAMENTO
FK_GA_LIC_M_GA_LIC_E2;GA_LIC_MOV_LICE;ID_EXERCICIO;GA_LIC_EXERCICIOS;ID_EXERCICIO
FK_GA_LIC_M_GA_LIC_C10;GA_LIC_MOV_SEG_COBERTURAS;COD_COBERTURA;GA_LIC_COBERTURAS;COD_COBERTURA
FK_GA_LIC_M_E_GA_LIC_M9;GA_LIC_MOV_SEG_COBERTURAS;COD_EQUIPAMENTO;GA_LIC_MOV_SEGURO;COD_EQUIPAMENTO
FK_GA_LIC_M_E_GA_LIC_M9;GA_LIC_MOV_SEG_COBERTURAS;NR_APOLICE;GA_LIC_MOV_SEGURO;NR_APOLICE
FK_GA_LIC_M_GA_EQP_E8;GA_LIC_MOV_SEGURO;COD_EQUIPAMENTO;GA_EQP_EQUIPAMENTO;COD_EQUIPAMENTO
FK_GA_LIC_M_GA_LIC_C7;GA_LIC_MOV_SEGURO;COD_CORRETORA;GA_LIC_CORRETORAS;COD_CORRETORA
FK_GA_LIC_M_GA_LIC_S;GA_LIC_MOV_SEGURO;COD_SEGURADORA;GA_LIC_SEGURADORAS;COD_SEGURADORA
FK_GA_LIC_M_R_GA_LIC_M_PARC1;GA_LIC_MOV_SEGURO_PARC;COD_EQUIPAMENTO;GA_LIC_MOV_SEGURO;COD_EQUIPAMENTO
FK_GA_LIC_M_R_GA_LIC_M_PARC1;GA_LIC_MOV_SEGURO_PARC;NR_APOLICE;GA_LIC_MOV_SEGURO;NR_APOLICE
FK_GA_LIC_M_GA_LIC_M12;GA_LIC_MOV_SINISTROS;NR_APOLICE;GA_LIC_APOLICE_EQP;NR_APOLICE
FK_GA_LIC_M_GA_LIC_M12;GA_LIC_MOV_SINISTROS;COD_EQUIPAMENTO;GA_LIC_APOLICE_EQP;COD_EQUIPAMENTO
FK_GA_LIC_M_REFERENCE_GA_LIC_C;GA_LIC_MOV_SINISTROS;COD_EMPR_FUNC;GA_LIC_CONDUTORES;COD_EMPR
FK_GA_LIC_M_REFERENCE_GA_LIC_C;GA_LIC_MOV_SINISTROS;COD_FUNC;GA_LIC_CONDUTORES;COD_FUNC
FK_GA_LIC_M_GA_LIC_S11;GA_LIC_MOV_SINISTROS;COD_SINISTRO;GA_LIC_SINISTROS;COD_SINISTRO
FK_MOV_SINISTROS;GA_LIC_MOV_SINISTROS_ANEXOS;COD_EQUIPAMENTO;GA_LIC_MOV_SINISTROS;COD_EQUIPAMENTO
FK_MOV_SINISTROS;GA_LIC_MOV_SINISTROS_ANEXOS;NR_APOLICE;GA_LIC_MOV_SINISTROS;NR_APOLICE
FK_MOV_SINISTROS;GA_LIC_MOV_SINISTROS_ANEXOS;DT_SINISTRO;GA_LIC_MOV_SINISTROS;DT_SINISTRO
FK_GA_LIC_M_REF_GA_LIC_M100;GA_LIC_MOV_TAXAS_DIV_ITENS;COD_EQUIPAMENTO;GA_LIC_MOV_TAXAS_DIVERSAS;COD_EQUIPAMENTO
FK_GA_LIC_M_REF_GA_LIC_M100;GA_LIC_MOV_TAXAS_DIV_ITENS;ID_EXERCICIO;GA_LIC_MOV_TAXAS_DIVERSAS;ID_EXERCICIO
FK_GA_LIC_M_REF_GA_LIC_M100;GA_LIC_MOV_TAXAS_DIV_ITENS;COD_TAXA;GA_LIC_MOV_TAXAS_DIVERSAS;COD_TAXA
FK_GA_LIC_M_GA_EQP_E3;GA_LIC_MOV_TAXAS_DIVERSAS;COD_EQUIPAMENTO;GA_EQP_EQUIPAMENTO;COD_EQUIPAMENTO
FK_GA_LIC_M_GA_LIC_E13;GA_LIC_MOV_TAXAS_DIVERSAS;ID_EXERCICIO;GA_LIC_EXERCICIOS;ID_EXERCICIO
FK_GA_LIC_M_GA_LIC_T14;GA_LIC_MOV_TAXAS_DIVERSAS;COD_TAXA;GA_LIC_TAXAS;COD_TAXA
FK_LIC_QTD_DIG_EQP_UF;GA_LIC_QTD_DIG_FINAL_PLACA;COD_UF;GA_EQP_UF;COD_UF
FK_GA_LOL_A_PONTO;GA_LOL_AMOSTRA;COD_PONTO;GA_EQP_PONTO_ABASTEC;COD_PONTO
FK_MONTA_GRID_ITENS;GA_MEC_MONTA_GRID_ITENS;ID_GRID;GA_MEC_MONTA_GRID;ID
EQUIPAMENTO_AGREGADO;GA_OFI_AGREGADO;COD_EQUIPAMENTO;GA_EQP_EQUIPAMENTO;COD_EQUIPAMENTO
MODELO_AGREGADO__AGREGADO;GA_OFI_AGREGADO;COD_MOD_AGREG;GA_OFI_MODELO_AGREGADO;COD_MOD_AGREG
TIPO_AGREGADO__AGREGADO;GA_OFI_AGREGADO;COD_TIPO_AGREG;GA_OFI_TIPO_AGREGADO;COD_TIPO_AGREG
FK_APROVADOR_SECAO_ID;GA_OFI_APROVADOR_SECAO;ID_SECAO;GA_EQP_SECAO;ID_SECAO
FK_GA_OFI_C_COMPONENT_GA_EQP_C;GA_OFI_COMPOSICAO;ID_COMPONENTE;GA_EQP_COMPONENTE;ID_COMPONENTE
FK_SISTEMA_COMPOSICAO;GA_OFI_COMPOSICAO;ID_SISTEMA;GA_EQP_SISTEMA;ID_SISTEMA
FK_AGRUP_CLASS__COMPOSICAO;GA_OFI_COMPOSICAO;ID_AGRUP;GA_OFI_AGRUP_CLASS;ID_AGRUP
FK_CONF_ID_ATIV;GA_OFI_CONFIGURACAO;ID_ATIVIDADE_LAV;GA_EQP_ATIVIDADE;ID_ATIVIDADE
FK_CONF_ID_COMPL_ATIV;GA_OFI_CONFIGURACAO;ID_COMPL_ATIV_LAV;GA_EQP_COMPL_ATIV;ID_COMPL_ATIV
FK_CONF_ID_COMPL_COMPO;GA_OFI_CONFIGURACAO;ID_COMPL_COMPO_LAV;GA_EQP_COMPL_COMPO;ID_COMPL_COMPO
FK_CONF_ID_COMPO;GA_OFI_CONFIGURACAO;ID_COMPONENTE_LAV;GA_EQP_COMPONENTE;ID_COMPONENTE
FK_CONF_ID_SISTEMA;GA_OFI_CONFIGURACAO;ID_SISTEMA_LAV;GA_EQP_SISTEMA;ID_SISTEMA
FK_EQUIPE_FUNC_ID;GA_OFI_EQUIPE_FUNC;ID_EQUIPE;GA_OFI_EQUIPES;ID
FK_EQUIPE_BOX;GA_OFI_EQUIPES_X_BOX;ID_EQUIPE;GA_OFI_EQUIPES;ID
FK_EQP_SECAO__FICHA_MEC_ITENS;GA_OFI_FICHA_MEC_ITENS;ID_SECAO;GA_EQP_SECAO;ID_SECAO
FK_GA_OFI_ficha_mec_itens;GA_OFI_FICHA_MEC_ITENS;COD_FUNC;GA_OFI_FICHA_MEC;COD_FUNC
FK_GA_OFI_ficha_mec_itens;GA_OFI_FICHA_MEC_ITENS;FIC_DATA_FICHA;GA_OFI_FICHA_MEC;FIC_DATA_FICHA
FK_GA_OFI_ficha_mec_itens;GA_OFI_FICHA_MEC_ITENS;COD_EMPR;GA_OFI_FICHA_MEC;COD_EMPR
FK_GA_OFI_F_FUNC_SECA_GA_OFI_F;GA_OFI_FICHA_MEC_ITENS;ID_FUNC_SECAO;GA_OFI_FUNC_SECAO;ID_FUNC_SECAO
PARADA_OFI__MEC_ITENS;GA_OFI_FICHA_MEC_ITENS;COD_MOTIVO;GA_OFI_MOT_PARADA_OFI;COD_MOTIVO
OS_ITENS__MEC_ITENS;GA_OFI_FICHA_MEC_ITENS;COD_OS;GA_OFI_OS_ITENS;COD_OS
OS_ITENS__MEC_ITENS;GA_OFI_FICHA_MEC_ITENS;ITE_ITEM;GA_OFI_OS_ITENS;ITE_ITEM
SECAO__FUNC_SECAO;GA_OFI_FUNC_SECAO;ID_SECAO;GA_EQP_SECAO;ID_SECAO
FK_MOT_INT_INT;GA_OFI_INTERVALO_OS;COD_INTERVALO;GA_OFI_MOT_INT_OS;COD_INTERVALO
FK_MOT_INT_OS_ITEM;GA_OFI_INTERVALO_OS;ITE_ITEM;GA_OFI_OS_ITENS;ITE_ITEM
FK_MOT_INT_OS_ITEM;GA_OFI_INTERVALO_OS;COD_OS;GA_OFI_OS_ITENS;COD_OS
FK_MODELO_VERSAO_PEC;GA_OFI_MOD_PEC;COD_VERSAO;GA_EQP_MODELO_VERSAO;COD_VERSAO
FK_MODELO_VERSAO_PEC;GA_OFI_MOD_PEC;COD_MODELO;GA_EQP_MODELO_VERSAO;COD_MODELO
FK_MODELO_VERSAO_SIS_PEC;GA_OFI_MOD_SIS_PEC;COD_MODELO;GA_EQP_MODELO_VERSAO;COD_MODELO
FK_MODELO_VERSAO_SIS_PEC;GA_OFI_MOD_SIS_PEC;COD_VERSAO;GA_EQP_MODELO_VERSAO;COD_VERSAO
FK_SIS_PEC;GA_OFI_MOD_SIS_PEC;ID_SISTEMA;GA_EQP_SISTEMA;ID_SISTEMA
FABRICANTE__MODELO_AGREGADO;GA_OFI_MODELO_AGREGADO;ID_FABRIC;GA_EQP_FABRICANTE;ID_FABRIC
FK_AGENTE_OFI_MOT_AG;GA_OFI_MOT_AGCAUSADOR;COD_AGENTE;GA_OFI_AGE_CAUSADOR;COD_AGENTE
FK_MOTIVO_OFI_MOT_AG;GA_OFI_MOT_AGCAUSADOR;COD_MOTIVO;GA_OFI_MOT_ENTRADA;COD_MOTIVO
FK_CLASS_MOT_PAR;GA_OFI_MOT_PARADA_OFI;COD_CLASSIFICACAO;GA_OFI_CLAS_MOT_PAR;COD_CLASSIFICACAO
FORNECEDOR_PECA__MOV_PECAS;GA_OFI_MOV_PECAS;COD_FORNEC;GA_OFI_FORNECEDOR_PECA;COD_FORNEC
FK_PECAS__MOV_PECAS;GA_OFI_MOV_PECAS;COD_PECA;GA_OFI_PECAS;COD_PECA
FK_PECAS__MOV_PECAS;GA_OFI_MOV_PECAS;COD_EMPR;GA_OFI_PECAS;COD_EMPR
AGREGADO_OS;GA_OFI_OS;COD_TIPO_AGREG;GA_AGD_AGREGADOS;COD_CLASSE_AGREG
AGREGADO_OS;GA_OFI_OS;COD_AGREG;GA_AGD_AGREGADOS;AGD_CODIGO
EQUIPAMENTO__OS;GA_OFI_OS;COD_EQUIPAMENTO;GA_EQP_EQUIPAMENTO;COD_EQUIPAMENTO
FK_GA_OFI_O_AGE_CAUSA_GA_OFI_A;GA_OFI_OS;COD_AGENTE;GA_OFI_AGE_CAUSADOR;COD_AGENTE
FK_ID_CLASSIFICACAO_OS;GA_OFI_OS;FEED_CLASSIF;GA_OFI_CLASSIFICACAO_FEED;CODIGO
MOT_ENTRADA__OS;GA_OFI_OS;COD_MOTIVO;GA_OFI_MOT_ENTRADA;COD_MOTIVO
FK_GA_OFI_O_MOTINTER__GA_OFI_M;GA_OFI_OS;COD_INTERVALO;GA_OFI_MOT_INTERVALO_OS;COD_INTERVALO
OFICINA__OS;GA_OFI_OS;COD_OFICINA;GA_OFI_OFICINA;COD_OFICINA
FK_OFI_OS_SITUACAO;GA_OFI_OS;OS_SITUACAO;GA_OFI_OS_SITUACAO;OS_SITUACAO
FK_PROJETO;GA_OFI_OS;PROJ_CODE;GA_OFI_PROJETO;PROJ_CODE
FK_PROJETO;GA_OFI_OS;PROJ_EMPR;GA_OFI_PROJETO;PROJ_EMPR
FK_OS_SS;GA_OFI_OS;ID_SS;GA_OFI_SOLIC_SERV;ID
FK_GA_OFI_OS_ANEXOS;GA_OFI_OS_ANEXOS;COD_OS;GA_OFI_OS;COD_OS
FK_OFI_OS_APROV_SS_ANT;GA_OFI_OS_APROVACAO;ID_ANT;GA_OFI_OS_APROVACAO;ID
FK_OFI_OS_APROV_SIT;GA_OFI_OS_APROVACAO;OS_SITUACAO;GA_OFI_OS_SITUACAO;OS_SITUACAO
FK_OFI_OS_APROV_SS;GA_OFI_OS_APROVACAO;ID_SS;GA_OFI_SOLIC_SERV;ID
FK_MOV_CHK1_CHK;GA_OFI_OS_CHECK_LIST;ID_CHECK_LIST_1;GA_OFI_CHECK_LIST;ID_CHECK_LIST
FK_MOV_CHK2_CHK;GA_OFI_OS_CHECK_LIST;ID_CHECK_LIST_2;GA_OFI_CHECK_LIST;ID_CHECK_LIST
FK_MOV_CHK3_CHK;GA_OFI_OS_CHECK_LIST;ID_CHECK_LIST_3;GA_OFI_CHECK_LIST;ID_CHECK_LIST
FK_MOV_CHK4_CHK;GA_OFI_OS_CHECK_LIST;ID_CHECK_LIST_4;GA_OFI_CHECK_LIST;ID_CHECK_LIST
FK_MOV_CHK5_CHK;GA_OFI_OS_CHECK_LIST;ID_CHECK_LIST_5;GA_OFI_CHECK_LIST;ID_CHECK_LIST
FK_MOV_CHK6_CHK;GA_OFI_OS_CHECK_LIST;ID_CHECK_LIST_6;GA_OFI_CHECK_LIST;ID_CHECK_LIST
FK_OS_ITENS_ID_LAV;GA_OFI_OS_ITENS;ID_LAV;GA_EQP_AGENDA_LAV;ID_LAV
ATIVIDADE__OS_ITENS;GA_OFI_OS_ITENS;ID_ATIVIDADE;GA_EQP_ATIVIDADE;ID_ATIVIDADE
COMPL_ATIV__OS_ITENS;GA_OFI_OS_ITENS;ID_COMPL_ATIV;GA_EQP_COMPL_ATIV;ID_COMPL_ATIV
COMPL_COMPO__OS_ITENS;GA_OFI_OS_ITENS;ID_COMPL_COMPO;GA_EQP_COMPL_COMPO;ID_COMPL_COMPO
COMPONENTE__OS_ITENS;GA_OFI_OS_ITENS;ID_COMPONENTE;GA_EQP_COMPONENTE;ID_COMPONENTE
SISTEMA__OS_ITENS;GA_OFI_OS_ITENS;ID_SISTEMA;GA_EQP_SISTEMA;ID_SISTEMA
FK_ID_CLASSIFICACAO_ITENS;GA_OFI_OS_ITENS;FEED_CLASSIF;GA_OFI_CLASSIFICACAO_FEED;CODIGO
OS__OS_ITENS;GA_OFI_OS_ITENS;COD_OS;GA_OFI_OS;COD_OS
FK_OFI_OS_ITEM_DEST;GA_OFI_OS_ITENS;COD_OS_DESTINO;GA_OFI_OS;COD_OS
FK_OS_FALHAS_CAUSA;GA_OFI_OS_ITENS_FALHAS;COD_CAUSA;GA_OFI_FALHA_CAUSA;CODIGO
FK_OS_FALHAS_COMPONENTE;GA_OFI_OS_ITENS_FALHAS;COD_COMPONENTE;GA_OFI_FALHA_COMPONENTE;CODIGO
FK_OS_FALHAS_EFEITO;GA_OFI_OS_ITENS_FALHAS;COD_EFEITO;GA_OFI_FALHA_EFEITO;CODIGO
FK_OS_FALHAS_MODO;GA_OFI_OS_ITENS_FALHAS;COD_MODO;GA_OFI_FALHA_MODO;CODIGO
FK_OS_FALHAS_OPERACAO;GA_OFI_OS_ITENS_FALHAS;COD_OPERACAO;GA_OFI_FALHA_OPERACAO;CODIGO
FK_OS_FALHAS_TIPO;GA_OFI_OS_ITENS_FALHAS;COD_TIPO;GA_OFI_FALHA_TIPO;CODIGO
FK_OS_FALHAS_ITENS;GA_OFI_OS_ITENS_FALHAS;COD_OS;GA_OFI_OS_ITENS;COD_OS
FK_OS_FALHAS_ITENS;GA_OFI_OS_ITENS_FALHAS;ITE_ITEM;GA_OFI_OS_ITENS;ITE_ITEM
FK_ITENS_FUNC_HAB_OS;GA_OFI_OS_ITENS_FUNC_HAB;COD_OS;GA_OFI_OS;COD_OS
FK_ITENS_FUNC_HAB_OS_ITE;GA_OFI_OS_ITENS_FUNC_HAB;COD_OS;GA_OFI_OS_ITENS;COD_OS
FK_ITENS_FUNC_HAB_OS_ITE;GA_OFI_OS_ITENS_FUNC_HAB;ITE_ITEM;GA_OFI_OS_ITENS;ITE_ITEM
FK_OS_ITEM_PLANO_TESTE_ITEM;GA_OFI_OS_ITENS_PLANO_TESTE;ITE_ITEM;GA_OFI_OS_ITENS;ITE_ITEM
FK_OS_ITEM_PLANO_TESTE_ITEM;GA_OFI_OS_ITENS_PLANO_TESTE;COD_OS;GA_OFI_OS_ITENS;COD_OS
FK_OS_ITEM_PLANO_TESTE_PERG;GA_OFI_OS_ITENS_PLANO_TESTE;ID_PERGUNTA;GA_OFI_PLANO_TESTE_PERGUNTA;ID
FK_OS_ITEM_PLANO_TESTE_RESP;GA_OFI_OS_ITENS_PLANO_TESTE;ID_RESPOSTA;GA_OFI_PLANO_TESTE_RESPOSTA;ID
FK_EQP_LGT;GA_OFI_OS_LGT;COD_EQUIPAMENTO;GA_EQP_EQUIPAMENTO;COD_EQUIPAMENTO
FK_AGENTE_LGT;GA_OFI_OS_LGT;COD_AGENTE;GA_OFI_AGE_CAUSADOR;COD_AGENTE
FK_MOTIVO_LGT;GA_OFI_OS_LGT;COD_MOTIVO;GA_OFI_MOT_ENTRADA;COD_MOTIVO
FK_OFICINA_LGT;GA_OFI_OS_LGT;COD_OFICINA;GA_OFI_OFICINA;COD_OFICINA
FK_OFI_COD_OS_LGT;GA_OFI_OS_LGT_DET;COD_OS;GA_OFI_OS;COD_OS
FK_OFI_OS_LGT;GA_OFI_OS_LGT_DET;ID_LGT;GA_OFI_OS_LGT;ID_LGT
FK_OFI_OS_SITUACAO_LGT;GA_OFI_OS_LGT_DET;OS_SITUACAO;GA_OFI_OS_SITUACAO;OS_SITUACAO
FORNECEDOR_PECA__MAO_OBRA;GA_OFI_OS_MAO_OBRA;COD_FORNEC;GA_OFI_FORNECEDOR_PECA;COD_FORNEC
OS_ITENS__MAO_OBRA;GA_OFI_OS_MAO_OBRA;ITE_ITEM;GA_OFI_OS_ITENS;ITE_ITEM
OS_ITENS__MAO_OBRA;GA_OFI_OS_MAO_OBRA;COD_OS;GA_OFI_OS_ITENS;COD_OS
FORNECEDOR_PECA__OS_PECAS;GA_OFI_OS_PECAS;COD_FORNEC;GA_OFI_FORNECEDOR_PECA;COD_FORNEC
OS_ITEM__OS_PECAS;GA_OFI_OS_PECAS;COD_OS;GA_OFI_OS_ITENS;COD_OS
OS_ITEM__OS_PECAS;GA_OFI_OS_PECAS;ITE_ITEM;GA_OFI_OS_ITENS;ITE_ITEM
FK_OS_PECAS;GA_OFI_OS_PECAS;COD_EMPR;GA_OFI_PECAS;COD_EMPR
FK_PECAS__OS_PECAS;GA_OFI_OS_PECAS;COD_EMPR;GA_OFI_PECAS;COD_EMPR
FK_OS_PECAS;GA_OFI_OS_PECAS;COD_PECA;GA_OFI_PECAS;COD_PECA
FK_PECAS__OS_PECAS;GA_OFI_OS_PECAS;COD_PECA;GA_OFI_PECAS;COD_PECA
PER_PLANO;GA_OFI_OS_PLANO;ID_PER_PLANO;GA_EQP_PER_PLA_EQP;ID_PER_PLANO
OS__OS_PLANO;GA_OFI_OS_PLANO;COD_OS;GA_OFI_OS;COD_OS
FK_OS_PRE_CLASSE;GA_OFI_OS_PRE_DEFINIDA_CAB;ID_CLASSE;GA_EQP_CLASSE;ID_CLASSE
FK_OS_PRE_AGENTE;GA_OFI_OS_PRE_DEFINIDA_CAB;COD_AGENTE;GA_OFI_AGE_CAUSADOR;COD_AGENTE
FK_OS_PRE_MOTIVO;GA_OFI_OS_PRE_DEFINIDA_CAB;COD_MOTIVO;GA_OFI_MOT_ENTRADA;COD_MOTIVO
FK_OS_DET_ATIVIDADE;GA_OFI_OS_PRE_DEFINIDA_DET;ID_ATIVIDADE;GA_EQP_ATIVIDADE;ID_ATIVIDADE
FK_OS_DET_COMPL_ATIV;GA_OFI_OS_PRE_DEFINIDA_DET;ID_COMPL_ATIV;GA_EQP_COMPL_ATIV;ID_COMPL_ATIV
FK_OS_DET_COMPL_COMPO;GA_OFI_OS_PRE_DEFINIDA_DET;ID_COMPL_COMPO;GA_EQP_COMPL_COMPO;ID_COMPL_COMPO
FK_OS_DET_COMPONENTE;GA_OFI_OS_PRE_DEFINIDA_DET;ID_COMPONENTE;GA_EQP_COMPONENTE;ID_COMPONENTE
FK_OS_DET_SISTEMA;GA_OFI_OS_PRE_DEFINIDA_DET;ID_SISTEMA;GA_EQP_SISTEMA;ID_SISTEMA
FK_OS_PRE_CAB;GA_OFI_OS_PRE_DEFINIDA_DET;ID_OS_PRE_CAB;GA_OFI_OS_PRE_DEFINIDA_CAB;ID
EQUIPAMENTO__PATIO;GA_OFI_PATIO;COD_EQUIPAMENTO;GA_EQP_EQUIPAMENTO;COD_EQUIPAMENTO
FK_PLA_SERV__PECAS_PLA_SERV;GA_OFI_PECAS_PLA_SERV;ID_PLANO_SERV;GA_EQP_PLANO_SERVICO;ID_PLANO_SERV
FK_PECAS__PECAS_PLA_SERV;GA_OFI_PECAS_PLA_SERV;COD_PECA;GA_OFI_PECAS;COD_PECA
FK_PECAS__PECAS_PLA_SERV;GA_OFI_PECAS_PLA_SERV;COD_EMPR;GA_OFI_PECAS;COD_EMPR
FK_REQUISIT_PECAS;GA_OFI_PECAS_REQUISIT;COD_EMPR;GA_OFI_PECAS;COD_EMPR
FK_REQUISIT_PECAS;GA_OFI_PECAS_REQUISIT;COD_PECA;GA_OFI_PECAS;COD_PECA
FK_GA_EQP_EQUIPAMENTO;GA_OFI_PENDENCIA;COD_EQUIPAMENTO;GA_EQP_EQUIPAMENTO;COD_EQUIPAMENTO
FK_GA_EQP_EQUIPAMENTO_PEN;GA_OFI_PENDENCIA;COD_EQUIPAMENTO;GA_EQP_EQUIPAMENTO;COD_EQUIPAMENTO
FK_PLAN_OS_AGREG;GA_OFI_PLAN_OS;COD_AGREG;GA_AGD_AGREGADOS;AGD_CODIGO
FK_PLAN_OS_AGREG;GA_OFI_PLAN_OS;COD_TIPO_AGREG;GA_AGD_AGREGADOS;COD_CLASSE_AGREG
FK_PLAN_OS_EQP;GA_OFI_PLAN_OS;COD_EQUIPAMENTO;GA_EQP_EQUIPAMENTO;COD_EQUIPAMENTO
FK_PLAN_OS_SECAO;GA_OFI_PLAN_OS;ID_SECAO;GA_EQP_SECAO;ID_SECAO
FK_GA_OFI_OS_PL_AGE_CAUSA;GA_OFI_PLAN_OS;COD_AGENTE;GA_OFI_AGE_CAUSADOR;COD_AGENTE
FK_OFI_OS_PL_MOT_ENT;GA_OFI_PLAN_OS;COD_MOTIVO;GA_OFI_MOT_ENTRADA;COD_MOTIVO
FK_PLAN_OS_OFI;GA_OFI_PLAN_OS;COD_OFICINA;GA_OFI_OFICINA;COD_OFICINA
FK_PLAN_OS_SS;GA_OFI_PLAN_OS;ID_SS;GA_OFI_SOLIC_SERV;ID
FK_PLAN_ITENS_ATIV;GA_OFI_PLAN_OS_ITENS;ID_ATIVIDADE;GA_EQP_ATIVIDADE;ID_ATIVIDADE
FK_PLAN_ITENS_COMPL_ATIV;GA_OFI_PLAN_OS_ITENS;ID_COMPL_ATIV;GA_EQP_COMPL_ATIV;ID_COMPL_ATIV
FK_PLAN_ITENS_COMPL_COMPO;GA_OFI_PLAN_OS_ITENS;ID_COMPL_COMPO;GA_EQP_COMPL_COMPO;ID_COMPL_COMPO
FK_PLAN_ITENS_COMPO;GA_OFI_PLAN_OS_ITENS;ID_COMPONENTE;GA_EQP_COMPONENTE;ID_COMPONENTE
FK_PLAN_ITENS_SECAO;GA_OFI_PLAN_OS_ITENS;ID_SECAO;GA_EQP_SECAO;ID_SECAO
FK_PLAN_ITENS_SISTEMA;GA_OFI_PLAN_OS_ITENS;ID_SISTEMA;GA_EQP_SISTEMA;ID_SISTEMA
FK_PLAN_ITENS_OS;GA_OFI_PLAN_OS_ITENS;ID_OS;GA_OFI_PLAN_OS;ID
FK_PLAN_RECURSOS_SECAO;GA_OFI_PLAN_OS_RECURSOS;ID_SECAO;GA_EQP_SECAO;ID_SECAO
FK_PLAN_RECURSOS_ITENS;GA_OFI_PLAN_OS_RECURSOS;ID_ITEM;GA_OFI_PLAN_OS_ITENS;ID
FK_MODELO_PLANO;GA_OFI_PLANO_TESTE_MODELO;COD_MODELO;GA_EQP_MODELO_VERSAO;COD_MODELO
FK_MODELO_PLANO;GA_OFI_PLANO_TESTE_MODELO;COD_VERSAO;GA_EQP_MODELO_VERSAO;COD_VERSAO
FK_PLANO_MODELO;GA_OFI_PLANO_TESTE_MODELO;ID_PLANO;GA_OFI_PLANO_TESTE;ID
FK_PLANO_TESTE;GA_OFI_PLANO_TESTE_PERGUNTA;ID_PLANO;GA_OFI_PLANO_TESTE;ID
FK_PLANO_PERGUNTA;GA_OFI_PLANO_TESTE_RESPOSTA;ID_PERGUNTA;GA_OFI_PLANO_TESTE_PERGUNTA;ID
FK_POV_CAL_PNE_LOG;GA_OFI_POV_LOG_CALIB_PNE;ID_POV_CAL;GA_OFI_POV_CAL_PNE;ID_POV_CAL
FK_POV_OS_LOG;GA_OFI_POV_LOG_OS;ID_POV_OS;GA_OFI_POV_OS;ID_POV_OS
FK_POV_ITENS_OS_LOG;GA_OFI_POV_LOG_OS_ITENS;ID_POV_ITENS;GA_OFI_POV_OS_ITENS;ID_POV_ITENS
FK_POV_MEC_ITENS_LOG;GA_OFI_POV_LOG_OS_MEC;ID_POV_MEC;GA_OFI_POV_OS_MEC_ITENS;ID_POV_MEC
FK_POV_PECAS_LOG;GA_OFI_POV_LOG_OS_PECAS;ID_POV_PECAS;GA_OFI_POV_OS_PECAS;ID_POV_PECAS
FK_POV_ITENS_OS;GA_OFI_POV_OS_ITENS;ID_POV_OS;GA_OFI_POV_OS;ID_POV_OS
FK_POV_MEC_OS;GA_OFI_POV_OS_MEC_ITENS;ID_POV_OS;GA_OFI_POV_OS;ID_POV_OS
FK_POV_MEC_ITENS;GA_OFI_POV_OS_MEC_ITENS;ID_POV_ITENS;GA_OFI_POV_OS_ITENS;ID_POV_ITENS
FK_POV_PECAS_OS;GA_OFI_POV_OS_PECAS;ID_POV_OS;GA_OFI_POV_OS;ID_POV_OS
FK_POV_PECAS_ITENS;GA_OFI_POV_OS_PECAS;ID_POV_ITENS;GA_OFI_POV_OS_ITENS;ID_POV_ITENS
FK_GA_OFI_R_FK_REQ_CO_GA_EQP_D;GA_OFI_REQ_COMPRA;DEP_CODIGO;GA_EQP_DEPARTAMENTO;DEP_CODIGO
FK_GA_OFI_R_FK_REQ_CO_GA_EQP_E;GA_OFI_REQ_COMPRA;COD_EQUIPAMENTO;GA_EQP_EQUIPAMENTO;COD_EQUIPAMENTO
FK_GA_OFI_R_FK_REQ_CO_GA_OFI_R;GA_OFI_REQ_COMPRA_ITEM;REC_REQUISICAO;GA_OFI_REQ_COMPRA;REC_REQUISICAO
FK_OFI_SS_AGREG;GA_OFI_SOLIC_SERV;COD_TIPO_AGREG;GA_AGD_AGREGADOS;COD_CLASSE_AGREG
FK_OFI_SS_AGREG;GA_OFI_SOLIC_SERV;COD_AGREG;GA_AGD_AGREGADOS;AGD_CODIGO
FK_OFI_SS_EQP;GA_OFI_SOLIC_SERV;COD_EQUIPAMENTO;GA_EQP_EQUIPAMENTO;COD_EQUIPAMENTO
FK_OFI_SS_SECAO;GA_OFI_SOLIC_SERV;ID_SECAO;GA_EQP_SECAO;ID_SECAO
FK_OFI_SS_OFI;GA_OFI_SOLIC_SERV;COD_OFICINA;GA_OFI_OFICINA;COD_OFICINA
FK_OFI_SS_SITUACAO;GA_OFI_SOLIC_SERV;OS_SITUACAO;GA_OFI_OS_SITUACAO;OS_SITUACAO
FK_SS_ITENS_ATIV;GA_OFI_SOLIC_SERV_ITENS;ID_ATIVIDADE;GA_EQP_ATIVIDADE;ID_ATIVIDADE
FK_SS_ITENS_COMPL_ATIV;GA_OFI_SOLIC_SERV_ITENS;ID_COMPL_ATIV;GA_EQP_COMPL_ATIV;ID_COMPL_ATIV
FK_SS_ITENS_COMPL_COMPO;GA_OFI_SOLIC_SERV_ITENS;ID_COMPL_COMPO;GA_EQP_COMPL_COMPO;ID_COMPL_COMPO
FK_SS_ITENS_COMPO;GA_OFI_SOLIC_SERV_ITENS;ID_COMPONENTE;GA_EQP_COMPONENTE;ID_COMPONENTE
FK_SS_ITENS_SECAO;GA_OFI_SOLIC_SERV_ITENS;ID_SECAO;GA_EQP_SECAO;ID_SECAO
FK_SS_ITENS_SISTEMA;GA_OFI_SOLIC_SERV_ITENS;ID_SISTEMA;GA_EQP_SISTEMA;ID_SISTEMA
FK_SS_ITENS_OS;GA_OFI_SOLIC_SERV_ITENS;ID_OS;GA_OFI_SOLIC_SERV;ID
SISTEMA__TIPO_AGREGADO;GA_OFI_TIPO_AGREGADO;ID_SISTEMA;GA_EQP_SISTEMA;ID_SISTEMA
FK_OFI_TPR_MOD_VER;GA_OFI_TPR;COD_VERSAO;GA_EQP_MODELO_VERSAO;COD_VERSAO
FK_OFI_TPR_MOD_VER;GA_OFI_TPR;COD_MODELO;GA_EQP_MODELO_VERSAO;COD_MODELO
FK_TPR_RECURSOS_FERRAMENTAS;GA_OFI_TPR_FERRAMENTAS;COD_EMPR;GA_OFI_FERRAMENTAS;COD_EMPR
FK_TPR_RECURSOS_FERRAMENTAS;GA_OFI_TPR_FERRAMENTAS;COD_FERMT;GA_OFI_FERRAMENTAS;COD_FERMT
FK_TPR_HAB_HABIL;GA_OFI_TPR_HABILIDADES;ID_HABILIDADE;GA_OFI_HABILIDADE;ID
FK_OFI_TPR_ATIVIDADE_ITENS;GA_OFI_TPR_ITENS;ID_ATIVIDADE;GA_EQP_ATIVIDADE;ID_ATIVIDADE
FK_OFI_TPR_COMPL_ATIV_ITENS;GA_OFI_TPR_ITENS;ID_COMPL_ATIV;GA_EQP_COMPL_ATIV;ID_COMPL_ATIV
FK_OFI_TPR_COMPL_COMPO_ITENS;GA_OFI_TPR_ITENS;ID_COMPL_COMPO;GA_EQP_COMPL_COMPO;ID_COMPL_COMPO
FK_OFI_TPR_COMPONENTE_ITENS;GA_OFI_TPR_ITENS;ID_COMPONENTE;GA_EQP_COMPONENTE;ID_COMPONENTE
FK_OFI_TPR_SECAO_ITENS;GA_OFI_TPR_ITENS;ID_SECAO;GA_EQP_SECAO;ID_SECAO
FK_OFI_TPR_SISTEMA_ITENS;GA_OFI_TPR_ITENS;ID_SISTEMA;GA_EQP_SISTEMA;ID_SISTEMA
FK_OFI_TPR;GA_OFI_TPR_ITENS;TPR_ID;GA_OFI_TPR;TPR_ID
FK_AGP_PSGO_AGRUP;GA_OPE_AGRUP_PSGO;ID_AGRUP_EQP;GA_EQP_AGRUP;ID_AGRUP_EQP
FK_GA_OPE_A_EQP__AREA_GA_EQP_E;GA_OPE_AREA_REAL;COD_EQUIPAMENTO;GA_EQP_EQUIPAMENTO;COD_EQUIPAMENTO
FK_OPE_CFG_MOT_PAR;GA_OPE_CONFIG;CON_OPE_MOT_PARADA;GA_OPE_MOTIVO_PARADA;MOT_CODIGO
FK_OPE_CFG_MOT_PARADA;GA_OPE_CONFIG;CON_OPE_MOT_PARADA;GA_OPE_MOTIVO_PARADA;MOT_CODIGO
FK_GA_OPE_EQP_DEP_MOT_CODIGO;GA_OPE_DEPARA_EQUIP_OPER;MOT_CODIGO;GA_OPE_MOTIVO_PARADA;MOT_CODIGO
FK_GA_OPE_DEP_MOT_CODIGO;GA_OPE_DEPARA_OPERACAO;MOT_CODIGO;GA_OPE_MOTIVO_PARADA;MOT_CODIGO
FK_EQUIP_ALOCADO__EQP_EQUIP;GA_OPE_EQUIP_ALOCADO;COD_EQUIPAMENTO;GA_EQP_EQUIPAMENTO;COD_EQUIPAMENTO
FK_EQUIP_GRUP__EQP_EQUIP;GA_OPE_EQUIP_GRUPO;COD_EQUIPAMENTO;GA_EQP_EQUIPAMENTO;COD_EQUIPAMENTO
FK_EQUIP_GRUP__OPE_GRUPO;GA_OPE_EQUIP_GRUPO;GRU_CODIGO;GA_OPE_GRUPO_ATIVIDADE;GRU_CODIGO
FK_GA_OPE_I_EQP__INF__GA_EQP_E;GA_OPE_INF_PARADA;COD_EQUIPAMENTO;GA_EQP_EQUIPAMENTO;COD_EQUIPAMENTO
FK_OPE_INF_PAR;GA_OPE_INF_PARADA;COD_OS_OFI;GA_OFI_OS;COD_OS
FK_GA_OPE_I_MOTIVO_PA_GA_OPE_M;GA_OPE_INF_PARADA;MOT_CODIGO;GA_OPE_MOTIVO_PARADA;MOT_CODIGO
FK_GA_OPE_META_DIARIA;GA_OPE_META_DIARIA;COD_MODELO;GA_EQP_MODELO_VERSAO;COD_MODELO
FK_GA_OPE_META_DIARIA;GA_OPE_META_DIARIA;COD_VERSAO;GA_EQP_MODELO_VERSAO;COD_VERSAO
FK_GA_OPE_AGRUP_MOTIVOS;GA_OPE_MOTIVO_PARADA;AGRUP_MOT_CODIGO;GA_OPE_AGRUP_MOTIVOS;AGRUP_MOT_CODIGO
FK_GA_OPE_M_MOTIVO_PA_GA_OPE_C;GA_OPE_MOTIVO_PARADA;EFI_CODIGO;GA_OPE_CLASSIF_EFICIENCIA;EFI_CODIGO
FK_OPE_MOV_AGRUP_EQP;GA_OPE_MOV_AGRUPAMENTO_TURNOS;COD_EQUIPAMENTO;GA_EQP_EQUIPAMENTO;COD_EQUIPAMENTO
FK_OPE_MOV_AGRUP;GA_OPE_MOV_AGRUPAMENTO_TURNOS;COD_AGRUP;GA_OPE_AGRUPAMENTO_TURNOS;COD_AGRUP
FK_MODELO_VERSAO;GA_OPE_MOV_CUSTO_OPER;COD_VERSAO;GA_EQP_MODELO_VERSAO;COD_VERSAO
FK_MODELO_VERSAO;GA_OPE_MOV_CUSTO_OPER;COD_MODELO;GA_EQP_MODELO_VERSAO;COD_MODELO
FK_VMO_EQP;GA_OPE_MOV_CUSTO_OPER_EQP;COD_EQUIPAMENTO;GA_EQP_EQUIPAMENTO;COD_EQUIPAMENTO
FK_MOV_DISP_EQUIP;GA_OPE_MOV_DISP;COD_EQUIPAMENTO;GA_EQP_EQUIPAMENTO;COD_EQUIPAMENTO
FK_OPE_MOV_DET_AJD;GA_OPE_MOV_OPER_AJUDANTE;COD_EMPR;GA_OPE_MOV_OPER_DETALHE;COD_EMPR
FK_OPE_MOV_DET_AJD;GA_OPE_MOV_OPER_AJUDANTE;SAF_ANO_SAFRA;GA_OPE_MOV_OPER_DETALHE;SAF_ANO_SAFRA
FK_OPE_MOV_DET_AJD;GA_OPE_MOV_OPER_AJUDANTE;DET_HR_INI;GA_OPE_MOV_OPER_DETALHE;DET_HR_INI
FK_OPE_MOV_DET_AJD;GA_OPE_MOV_OPER_AJUDANTE;MOV_DOCUME;GA_OPE_MOV_OPER_DETALHE;MOV_DOCUME
FK_OPE_OPER_DET_D3D4;GA_OPE_MOV_OPER_D3D4;MOV_DOCUME;GA_OPE_MOV_OPER_DETALHE;MOV_DOCUME
FK_OPE_OPER_DET_D3D4;GA_OPE_MOV_OPER_D3D4;DET_HR_INI;GA_OPE_MOV_OPER_DETALHE;DET_HR_INI
FK_OPE_OPER_DET_D3D4;GA_OPE_MOV_OPER_D3D4;SAF_ANO_SAFRA;GA_OPE_MOV_OPER_DETALHE;SAF_ANO_SAFRA
FK_OPE_OPER_DET_D3D4;GA_OPE_MOV_OPER_D3D4;COD_EMPR;GA_OPE_MOV_OPER_DETALHE;COD_EMPR
FK_OPE_OS_OFI2;GA_OPE_MOV_OPER_DETALHE;COD_OS_OFI;GA_OFI_OS;COD_OS
FK_OPE_DET_OS_OFI;GA_OPE_MOV_OPER_DETALHE;COD_OS_OFI;GA_OFI_OS;COD_OS
FK_OPE_DET_INFORM_GA_OPE_I;GA_OPE_MOV_OPER_DETALHE;MOV_DOC_PARADA;GA_OPE_INF_PARADA;INF_DOCUME
FK_GA_OPE_M_MOTIVO_PA_GA_OPE_M;GA_OPE_MOV_OPER_DETALHE;MOT_CODIGO;GA_OPE_MOTIVO_PARADA;MOT_CODIGO
FK_GA_OPE_MOV_OPER_DETALHE_PAR;GA_OPE_MOV_OPER_DETALHE;SAF_ANO_SAFRA;GA_OPE_MOV_OPER_DETALHE;SAF_ANO_SAFRA
FK_GA_OPE_MOV_OPER_DETALHE_RAT;GA_OPE_MOV_OPER_DETALHE;SAF_ANO_SAFRA;GA_OPE_MOV_OPER_DETALHE;SAF_ANO_SAFRA
FK_GA_OPE_MOV_OPER_DETALHE_PRI;GA_OPE_MOV_OPER_DETALHE;SAF_ANO_SAFRA;GA_OPE_MOV_OPER_DETALHE;SAF_ANO_SAFRA
FK_GA_OPE_MOV_OPER_DETALHE_PAR;GA_OPE_MOV_OPER_DETALHE;MOV_DOCUME;GA_OPE_MOV_OPER_DETALHE;MOV_DOCUME
FK_GA_OPE_MOV_OPER_DETALHE_RAT;GA_OPE_MOV_OPER_DETALHE;MOV_DOCUME;GA_OPE_MOV_OPER_DETALHE;MOV_DOCUME
FK_GA_OPE_MOV_OPER_DETALHE_PRI;GA_OPE_MOV_OPER_DETALHE;MOV_DOCUME;GA_OPE_MOV_OPER_DETALHE;MOV_DOCUME
FK_GA_OPE_MOV_OPER_DETALHE_PAR;GA_OPE_MOV_OPER_DETALHE;COD_EMPR;GA_OPE_MOV_OPER_DETALHE;COD_EMPR
FK_GA_OPE_MOV_OPER_DETALHE_RAT;GA_OPE_MOV_OPER_DETALHE;COD_EMPR;GA_OPE_MOV_OPER_DETALHE;COD_EMPR
FK_GA_OPE_MOV_OPER_DETALHE_PRI;GA_OPE_MOV_OPER_DETALHE;COD_EMPR;GA_OPE_MOV_OPER_DETALHE;COD_EMPR
FK_GA_OPE_MOV_OPER_DETALHE_PAR;GA_OPE_MOV_OPER_DETALHE;DT_OS;GA_OPE_MOV_OPER_DETALHE;DET_HR_INI
FK_GA_OPE_MOV_OPER_DETALHE_RAT;GA_OPE_MOV_OPER_DETALHE;DET_HR_INI_PRINC_RATEIO;GA_OPE_MOV_OPER_DETALHE;DET_HR_INI
FK_GA_OPE_MOV_OPER_DETALHE_PRI;GA_OPE_MOV_OPER_DETALHE;DET_HR_INI_PRINCIPAL;GA_OPE_MOV_OPER_DETALHE;DET_HR_INI
FK_GA_OPE_M_MOV_OPERA_GA_OPE_M;GA_OPE_MOV_OPER_DETALHE;COD_EMPR;GA_OPE_MOV_OPERADOR;COD_EMPR
FK_GA_OPE_M_MOV_OPERA_GA_OPE_M;GA_OPE_MOV_OPER_DETALHE;SAF_ANO_SAFRA;GA_OPE_MOV_OPERADOR;SAF_ANO_SAFRA
FK_GA_OPE_M_MOV_OPERA_GA_OPE_M;GA_OPE_MOV_OPER_DETALHE;MOV_DOCUME;GA_OPE_MOV_OPERADOR;MOV_DOCUME
FK_GA_OPE_M_EQP__MOV__GA_EQP_E;GA_OPE_MOV_OPERADOR;COD_EQUIPAMENTO;GA_EQP_EQUIPAMENTO;COD_EQUIPAMENTO
FK_GA_OPE_M_EQP2__MOV_GA_EQP_E;GA_OPE_MOV_OPERADOR;MOV_IMPLEM;GA_EQP_EQUIPAMENTO;COD_EQUIPAMENTO
FK_OPE_CAB_OS_OFI;GA_OPE_MOV_OPERADOR;COD_OS_OFI;GA_OFI_OS;COD_OS
FK_OPE_OS_OFI;GA_OPE_MOV_OPERADOR;COD_OS_OFI;GA_OFI_OS;COD_OS
FK_INFORME_PARADA;GA_OPE_MOV_OPERADOR;MOV_DOC_PARADA;GA_OPE_INF_PARADA;INF_DOCUME
FK_OPE_MOV_OPERADOR;GA_OPE_MOV_OPERADOR;MOV_DOCUME_AGRUP;GA_OPE_MOV_OPERADOR;MOV_DOCUME
FK_OPE_MOV_OPERADOR;GA_OPE_MOV_OPERADOR;SAF_ANO_SAFRA;GA_OPE_MOV_OPERADOR;SAF_ANO_SAFRA
FK_OPE_MOV_OPERADOR;GA_OPE_MOV_OPERADOR;COD_EMPR;GA_OPE_MOV_OPERADOR;COD_EMPR
FK_DET_TURNO__TURNOS;GA_OPE_MOV_OPERADOR;COD_TURNO;GA_OPE_TURNOS;COD_TURNO
FK_GA_OPE_M_OPE_TURNO_GA_OPE_T;GA_OPE_MOV_OPERADOR;COD_TURNO;GA_OPE_TURNOS;COD_TURNO
FK_OPE_MOV__TURNOS2;GA_OPE_MOV_OPERADOR;COD_TURNO2;GA_OPE_TURNOS;COD_TURNO
FK_OPE_MOV__TURNOS3;GA_OPE_MOV_OPERADOR;COD_TURNO3;GA_OPE_TURNOS;COD_TURNO
FK_GA_OPE_REPLIC_EQP;GA_OPE_REPLIC_EQP;COD_EQUIPAMENTO;GA_EQP_EQUIPAMENTO;COD_EQUIPAMENTO
FK_GA_OPE_REPLIC_EQP_AUX;GA_OPE_REPLIC_EQP;COD_EQUIPAMENTO_AUX;GA_EQP_EQUIPAMENTO;COD_EQUIPAMENTO
FK_OPE_TREINA_MOD_VERSAO;GA_OPE_TREINA_MOD_VERSAO;COD_MODELO;GA_EQP_MODELO_VERSAO;COD_MODELO
FK_OPE_TREINA_MOD_VERSAO;GA_OPE_TREINA_MOD_VERSAO;COD_VERSAO;GA_EQP_MODELO_VERSAO;COD_VERSAO
FK_OPE_AGRUPAMENTO_TURNOS;GA_OPE_TURNOS;COD_AGRUP;GA_OPE_AGRUPAMENTO_TURNOS;COD_AGRUP
FK_OPE_MOTIVO_TURNOS;GA_OPE_TURNOS;MOT_CODIGO;GA_OPE_MOTIVO_PARADA;MOT_CODIGO
MOV_PNEU__APONTAMENTO;GA_PNE_APONTAMENTO;ID_MOV_PNEU;GA_PNE_MOV_PNEU;ID_MOV_PNEU
TIPO_BANDA__BANDA;GA_PNE_BANDA;COD_TIPO_BANDA;GA_PNE_TIPO_BANDA;COD_TIPO_BANDA
FK_GA_PNE_C_FK_EQP__C_GA_EQP_E;GA_PNE_CALIB_PADRAO;COD_EQUIPAMENTO;GA_EQP_EQUIPAMENTO;COD_EQUIPAMENTO
FK_GA_PNE_C_FK_EIXO___GA_PNE_E;GA_PNE_CALIB_PADRAO;ID_EIXO;GA_PNE_EIXO;ID_EIXO
FK_GA_PNE_C_FK_MEDIDA_GA_PNE_M;GA_PNE_CALIB_PADRAO;COD_MEDIDA;GA_PNE_MEDIDA;COD_MEDIDA
BANDA_CONSUMO;GA_PNE_CONSUMO;COD_BANDA;GA_PNE_BANDA;COD_BANDA
EIXO_CONSUMO;GA_PNE_CONSUMO;ID_EIXO;GA_PNE_EIXO;ID_EIXO
DIAGRAMA_DIAG_EIXO;GA_PNE_DIAG_EIXO;COD_DIAGRAMA;GA_PNE_DIAGRAMA;COD_DIAGRAMA
EIXO__DIAG_EIXO;GA_PNE_DIAG_EIXO;ID_EIXO;GA_PNE_EIXO;ID_EIXO
FK_GA_PNE_E_REFERENCE_GA_EQP_M;GA_PNE_EIXO_DESGASTE;COD_MODELO;GA_EQP_MODELO_VERSAO;COD_MODELO
FK_GA_PNE_E_REFERENCE_GA_EQP_M;GA_PNE_EIXO_DESGASTE;COD_VERSAO;GA_EQP_MODELO_VERSAO;COD_VERSAO
FK_GA_PNE_E_REFERENCE_GA_PNE_E;GA_PNE_EIXO_DESGASTE;ID_EIXO;GA_PNE_EIXO;ID_EIXO
BANDA_ATUAL__ENVIO;GA_PNE_ENVIO;COD_BANDA_ATUAL;GA_PNE_BANDA;COD_BANDA
BANDA_ENVIO;GA_PNE_ENVIO;COD_BANDA_SOLIC;GA_PNE_BANDA;COD_BANDA
LOTE_PNEU__ENVIO;GA_PNE_ENVIO;NR_DOCUME;GA_PNE_LOTE_PNEU;NR_DOCUME
LOTE_PNEU__ENVIO;GA_PNE_ENVIO;PNE_NR_FOGO;GA_PNE_LOTE_PNEU;PNE_NR_FOGO
MAT_REFORMA__ENVIO;GA_PNE_ENVIO;COD_MATERIAL;GA_PNE_MAT_REFORMA;COD_MATERIAL
REPARO_ENVIO;GA_PNE_ENVIO;COD_REPARO;GA_PNE_REPARO;COD_REPARO
EQUI__EQUIP_ACOPLA;GA_PNE_EQUIP_ACOPLA;GA__COD_EQUIPAMENTO;GA_EQP_EQUIPAMENTO;COD_EQUIPAMENTO
EQUIPAMENTO__EQUIP_ACOPLA;GA_PNE_EQUIP_ACOPLA;COD_IMPLEMENTO;GA_EQP_EQUIPAMENTO;COD_EQUIPAMENTO
EQUIPAMENTO__POSIC_PNEU;GA_PNE_EQUIP_POSIC_PNEU;COD_EQUIPAMENTO;GA_EQP_EQUIPAMENTO;COD_EQUIPAMENTO
PNEU__POSIC_PNEU;GA_PNE_EQUIP_POSIC_PNEU;PNE_NR_FOGO;GA_PNE_PNEU;PNE_NR_FOGO
POSICAO__POSIC_PNEU;GA_PNE_EQUIP_POSIC_PNEU;ID_POSICAO;GA_PNE_POSICAO;ID_POSICAO
FORNECEDOR_GARANTIA;GA_PNE_GARANTIA;COD_FORNECEDOR;GA_PNE_FORNECEDOR;COD_FORNECEDOR
PNEU__GARANTIA;GA_PNE_GARANTIA;PNE_NR_FOGO;GA_PNE_PNEU;PNE_NR_FOGO
ESP_LOG;GA_PNE_LOG;ID_ESP;GA_PNE_ESP_MOV_PNEU;ID_ESP
FK_ID_MOV_COL;GA_PNE_LOG_COL;ID_MOV_PNEU_COL;GA_PNE_MOV_PNEU_COL;ID_MOV_PNEU_COL
LOTE_REFORMA__LOTE_PNEU;GA_PNE_LOTE_PNEU;NR_DOCUME;GA_PNE_LOTE_REFORMA;NR_DOCUME
MOV_PNEU__LOTE_PNEU_RET;GA_PNE_LOTE_PNEU;ID_MOV_PNEU_RET;GA_PNE_MOV_PNEU;ID_MOV_PNEU
MOV_PNEU_LOTE_PNEU_ENV;GA_PNE_LOTE_PNEU;ID_MOV_PNEU_ENV;GA_PNE_MOV_PNEU;ID_MOV_PNEU
PNEU__LOTE_PNEU;GA_PNE_LOTE_PNEU;PNE_NR_FOGO;GA_PNE_PNEU;PNE_NR_FOGO
FORNECEDOR__LOTE_REFORMA;GA_PNE_LOTE_REFORMA;COD_FORNECEDOR;GA_PNE_FORNECEDOR;COD_FORNECEDOR
APLICACAO_MEDIDA;GA_PNE_MEDIDA;COD_APLICACAO;GA_PNE_APLICACAO;COD_APLICACAO
MODELO_VERSAO__MEDIDA_EIXO;GA_PNE_MEDIDA_EIXO;COD_VERSAO;GA_EQP_MODELO_VERSAO;COD_VERSAO
MODELO_VERSAO__MEDIDA_EIXO;GA_PNE_MEDIDA_EIXO;COD_MODELO;GA_EQP_MODELO_VERSAO;COD_MODELO
EIXO__MEDIDA_EIXO;GA_PNE_MEDIDA_EIXO;ID_EIXO;GA_PNE_EIXO;ID_EIXO
MEDIDA__MEDIDA_EIXO;GA_PNE_MEDIDA_EIXO;COD_MEDIDA;GA_PNE_MEDIDA;COD_MEDIDA
BANDA__MOD_CARCACA;GA_PNE_MOD_CARCACA;COD_BANDA;GA_PNE_BANDA;COD_BANDA
FABRICANTE__MOD_CARCACA;GA_PNE_MOD_CARCACA;COD_FABRICANTE;GA_PNE_FABRICANTE;COD_FABRICANTE
MEDIDA__MOD_CARCACA;GA_PNE_MOD_CARCACA;COD_MEDIDA;GA_PNE_MEDIDA;COD_MEDIDA
TIPO_ESTRUTURA__MOD_CARCACA;GA_PNE_MOD_CARCACA;COD_ESTRUTURA;GA_PNE_TIPO_ESTRUTURA;COD_ESTRUTURA
MOD_CARCACA__MODEL_CUSTO;GA_PNE_MODEL_CUSTO;COD_MOD_CARCACA;GA_PNE_MOD_CARCACA;COD_MOD_CARCACA
FK_MODVER_DIAG_MOD;GA_PNE_MOV_DIAG_MODELO;COD_MODELO;GA_EQP_MODELO_VERSAO;COD_MODELO
FK_MODVER_DIAG_MOD;GA_PNE_MOV_DIAG_MODELO;COD_VERSAO;GA_EQP_MODELO_VERSAO;COD_VERSAO
FK_DIAG_DIAG_MOD;GA_PNE_MOV_DIAG_MODELO;COD_DIAGRAMA;GA_PNE_DIAGRAMA;COD_DIAGRAMA
ELIMINACAO__MOV_ELIM;GA_PNE_MOV_ELIM;COD_ELIMINACAO;GA_PNE_ELIMINACAO;COD_ELIMINACAO
MOV_PNEU__MOV_ELIM;GA_PNE_MOV_ELIM;ID_MOV_PNEU;GA_PNE_MOV_PNEU;ID_MOV_PNEU
FK_GA_PNE_MOV_EMPRESA;GA_PNE_MOV_EMPRESA;PNE_NR_FOGO;GA_PNE_PNEU;PNE_NR_FOGO
EQUIPAMENTO__MOV_PNEU;GA_PNE_MOV_PNEU;COD_EQUIPAMENTO;GA_EQP_EQUIPAMENTO;COD_EQUIPAMENTO
UNI_MEDIDA__MOV_PNEU;GA_PNE_MOV_PNEU;COD_UNIDA;GA_EQP_UNI_MEDIDA;COD_UNIDA
AGE_CAUSADOR__MOV_PNEU;GA_PNE_MOV_PNEU;COD_AGE_CAUSADOR;GA_PNE_AGE_CAUSADOR;COD_AGE_CAUSADOR
MOT_RETIRADA__MOV_PNEU;GA_PNE_MOV_PNEU;COD_RETIRADA;GA_PNE_MOT_RETIRADA;COD_RETIRADA
PNEU__MOV_PNEU;GA_PNE_MOV_PNEU;PNE_NR_FOGO;GA_PNE_PNEU;PNE_NR_FOGO
POSICAO__MOV_PNEU;GA_PNE_MOV_PNEU;ID_POSICAO;GA_PNE_POSICAO;ID_POSICAO
FK_GA_PNE_M_FK_REPARO_GA_PNE_R;GA_PNE_MOV_PNEU;COD_REPARO;GA_PNE_REPARO;COD_REPARO
LOTE_PNEU__OUTROS_REPAR;GA_PNE_OUTROS_REPAR;PNE_NR_FOGO;GA_PNE_LOTE_PNEU;PNE_NR_FOGO
LOTE_PNEU__OUTROS_REPAR;GA_PNE_OUTROS_REPAR;NR_DOCUME;GA_PNE_LOTE_PNEU;NR_DOCUME
REPARO__OUTROS_REPAR;GA_PNE_OUTROS_REPAR;COD_REPARO;GA_PNE_REPARO;COD_REPARO
FORNECEDOR_PNEU;GA_PNE_PNEU;COD_FORNECEDOR;GA_PNE_FORNECEDOR;COD_FORNECEDOR
MOD_CARCACA__PNEU;GA_PNE_PNEU;COD_MOD_CARCACA;GA_PNE_MOD_CARCACA;COD_MOD_CARCACA
SITUACAO_PNEU;GA_PNE_PNEU;COD_SITUACAO;GA_PNE_SITUACAO;COD_SITUACAO
DIAG_EIXO__POSICAO;GA_PNE_POSICAO;COD_DIAGRAMA;GA_PNE_DIAG_EIXO;COD_DIAGRAMA
DIAG_EIXO__POSICAO;GA_PNE_POSICAO;ID_SEQ_EIXO;GA_PNE_DIAG_EIXO;ID_SEQ_EIXO
BANDA_RETORNO;GA_PNE_RETORNO;COD_BANDA;GA_PNE_BANDA;COD_BANDA
FK_GA_PNE_R_FK_RETORN_GA_PNE_E;GA_PNE_RETORNO;COD_ELIMINACAO;GA_PNE_ELIMINACAO;COD_ELIMINACAO
LOTE_PNEU__RETORNO;GA_PNE_RETORNO;NR_DOCUME;GA_PNE_LOTE_PNEU;NR_DOCUME
LOTE_PNEU__RETORNO;GA_PNE_RETORNO;PNE_NR_FOGO;GA_PNE_LOTE_PNEU;PNE_NR_FOGO
MAT_REFORMA__RETORNO;GA_PNE_RETORNO;COD_MATERIAL;GA_PNE_MAT_REFORMA;COD_MATERIAL
REPARO_RETORNO;GA_PNE_RETORNO;COD_REPARO;GA_PNE_REPARO;COD_REPARO
MOV_PNEU__RODIZIO;GA_PNE_RODIZIO;ID_MOV_PNEU;GA_PNE_MOV_PNEU;ID_MOV_PNEU
PNEU__RODIZIO;GA_PNE_RODIZIO;PNE_NR_FOGO;GA_PNE_PNEU;PNE_NR_FOGO
EQUIPAMENTO__VIDA_IMPL;GA_PNE_VIDA_IMPL;COD_EQUIPAMENTO;GA_EQP_EQUIPAMENTO;COD_EQUIPAMENTO
UNI_MEDIDA__VIDA_IMPL;GA_PNE_VIDA_IMPL;COD_UNIDA;GA_EQP_UNI_MEDIDA;COD_UNIDA
